month, rsdt, rsut, rsutcs, rsus, rsuscs, rsds, rsdscs, rlut, rlutcs, rlus, rlds, rldscs,
0.00000, 351.744, 104.099, 56.4046, 26.9921, 33.0416, 199.271, 255.583, 237.306, 260.015, 387.039, 331.508, 304.930,
1.00000, 349.040, 102.616, 56.0180, 26.2389, 32.3816, 197.789, 253.035, 237.769, 259.996, 387.861, 331.703, 305.357,
2.00000, 344.061, 101.423, 55.9516, 26.3920, 33.1459, 195.363, 249.905, 237.514, 260.858, 391.839, 334.435, 308.036,
3.00000, 338.107, 99.9041, 56.6489, 26.9400, 34.0778, 192.545, 245.141, 239.075, 262.759, 397.361, 338.883, 312.246,
4.00000, 333.102, 98.9093, 56.6213, 27.1372, 34.3594, 189.149, 240.749, 240.019, 264.641, 401.903, 342.739, 316.542,
5.00000, 329.962, 96.2659, 54.3493, 24.9928, 31.7407, 185.957, 236.588, 243.284, 266.965, 406.259, 347.071, 321.302,
6.00000, 329.739, 93.9255, 52.6941, 23.4714, 29.4224, 185.491, 234.411, 244.420, 267.182, 407.097, 348.400, 323.750,
7.00000, 332.173, 93.4614, 51.0332, 21.8381, 27.4698, 186.348, 236.204, 244.908, 267.511, 407.243, 349.084, 323.923,
8.00000, 336.822, 95.6036, 51.2349, 22.2238, 27.9269, 189.800, 241.955, 243.133, 266.028, 403.838, 345.025, 319.023,
9.00000, 342.606, 99.8652, 54.2602, 25.3626, 31.5944, 194.672, 248.956, 240.658, 263.682, 398.537, 340.171, 313.366,
10.0000, 347.969, 103.671, 57.4624, 28.8838, 35.3521, 199.496, 254.782, 238.547, 261.533, 392.184, 334.742, 307.944,
11.0000, 351.496, 104.817, 57.2648, 28.0310, 34.3284, 199.558, 256.152, 237.784, 260.647, 389.407, 333.500, 306.558,
12.0000, 351.839, 103.720, 56.1661, 26.7305, 32.7741, 199.451, 255.634, 238.178, 260.770, 388.243, 332.459, 305.882,
13.0000, 348.968, 102.642, 55.7398, 25.9336, 31.9991, 197.290, 252.784, 237.695, 260.167, 388.750, 332.713, 306.562,
14.0000, 343.994, 100.779, 55.6935, 25.8738, 32.7245, 195.278, 249.582, 238.477, 261.499, 393.205, 336.204, 309.657,
15.0000, 337.990, 100.379, 57.3456, 27.4273, 34.6555, 192.115, 244.577, 239.353, 263.275, 398.402, 340.598, 314.284,
16.0000, 333.000, 98.6479, 56.8035, 26.9366, 34.1151, 188.492, 239.657, 240.696, 264.729, 403.061, 344.964, 318.816,
17.0000, 330.090, 96.0452, 54.3393, 24.9732, 31.6242, 186.182, 236.509, 243.150, 266.706, 406.273, 347.279, 321.570,
18.0000, 329.765, 93.9692, 52.6378, 23.4092, 29.4214, 185.518, 234.630, 244.958, 267.995, 408.025, 348.901, 323.859,
19.0000, 332.197, 94.6122, 51.3073, 21.8487, 27.5555, 185.257, 236.123, 244.669, 267.657, 407.491, 349.467, 323.938,
20.0000, 336.823, 96.1354, 51.8654, 22.6095, 28.1785, 189.743, 241.698, 244.140, 266.603, 403.321, 344.415, 318.703,
21.0000, 342.603, 101.241, 54.9664, 25.8060, 32.0922, 193.825, 248.900, 240.663, 263.759, 397.592, 339.506, 312.525,
22.0000, 347.890, 103.746, 57.8591, 29.2405, 35.5616, 199.698, 254.557, 239.319, 262.049, 392.429, 334.578, 307.987,
23.0000, 351.472, 104.973, 57.5720, 28.4596, 34.8870, 200.146, 256.776, 238.381, 260.879, 388.364, 332.331, 305.341,
24.0000, 351.886, 103.891, 56.3208, 26.9504, 32.7613, 199.584, 255.662, 238.078, 260.377, 387.873, 331.769, 305.199,
25.0000, 348.944, 101.553, 55.1436, 25.7122, 31.7242, 198.389, 253.295, 238.171, 260.397, 389.264, 332.869, 306.702,
26.0000, 343.934, 101.043, 55.6568, 25.7300, 32.2493, 194.804, 249.023, 238.231, 261.430, 392.850, 335.875, 309.784,
27.0000, 338.164, 99.5718, 56.5759, 26.7010, 33.6809, 192.555, 244.690, 238.966, 262.805, 397.800, 339.692, 313.570,
28.0000, 333.078, 98.5742, 56.4357, 26.8499, 33.8869, 189.030, 240.262, 240.311, 264.841, 402.877, 344.121, 317.654,
29.0000, 330.052, 96.4776, 54.2200, 24.9165, 31.4724, 185.711, 236.403, 242.527, 266.771, 406.678, 347.817, 322.000,
30.0000, 329.558, 94.4301, 52.6426, 23.1635, 29.1981, 184.433, 234.067, 244.438, 267.649, 408.234, 349.801, 324.822,
31.0000, 332.216, 94.8334, 51.1582, 21.6626, 27.4664, 185.091, 236.480, 243.652, 266.946, 406.765, 348.639, 322.772,
32.0000, 336.860, 96.3777, 51.4923, 22.3237, 28.1421, 189.526, 242.367, 243.265, 266.215, 402.972, 344.291, 317.831,
33.0000, 342.573, 99.7259, 54.7925, 25.8194, 31.9783, 195.557, 249.055, 241.115, 263.963, 397.938, 339.205, 312.622,
34.0000, 348.024, 104.817, 58.1073, 28.9706, 35.6105, 198.539, 254.630, 238.598, 261.727, 392.211, 334.906, 307.299,
35.0000, 351.414, 105.546, 58.1046, 28.6519, 35.1519, 199.829, 256.533, 237.775, 260.854, 388.932, 332.804, 305.623,
36.0000, 351.832, 105.244, 56.7947, 27.0943, 33.1465, 198.021, 255.345, 238.597, 260.532, 386.678, 331.580, 305.097,
37.0000, 348.792, 102.929, 55.2946, 25.7399, 31.7980, 196.512, 252.819, 238.427, 260.765, 388.798, 333.111, 306.587,
38.0000, 343.722, 100.593, 55.9097, 25.9402, 32.6638, 195.312, 249.093, 238.777, 261.392, 392.316, 334.964, 308.689,
39.0000, 338.002, 101.537, 58.4292, 27.4971, 34.6665, 190.901, 243.527, 239.433, 262.638, 396.739, 339.580, 313.150,
40.0000, 333.002, 99.8946, 57.6615, 27.3124, 34.4530, 188.232, 239.839, 241.285, 265.056, 402.503, 343.670, 317.181,
41.0000, 329.830, 97.5030, 55.0596, 24.7854, 31.4822, 184.255, 235.476, 243.019, 266.628, 406.332, 348.155, 322.035,
42.0000, 329.639, 95.4437, 53.5266, 23.1644, 29.1491, 183.471, 233.239, 244.309, 267.460, 407.965, 350.412, 324.957,
43.0000, 332.092, 95.1005, 52.2031, 21.7937, 27.4140, 184.657, 235.124, 244.284, 267.036, 406.722, 348.707, 323.231,
44.0000, 336.813, 96.5561, 52.6420, 22.2794, 27.8585, 188.649, 240.373, 243.142, 265.625, 403.392, 344.748, 318.436,
45.0000, 342.630, 101.214, 55.8298, 25.4721, 31.5743, 193.516, 247.562, 240.399, 263.308, 397.903, 339.371, 312.340,
46.0000, 347.964, 105.436, 59.3570, 28.8309, 34.9973, 197.766, 252.773, 238.159, 261.149, 392.072, 335.249, 308.410,
47.0000, 351.360, 105.586, 59.4492, 28.0613, 34.0550, 199.392, 254.319, 238.073, 260.726, 389.947, 333.564, 307.135,
48.0000, 351.749, 106.373, 58.6640, 26.4599, 32.2760, 196.326, 252.738, 238.037, 260.338, 389.422, 334.750, 308.037,
49.0000, 348.903, 103.355, 57.0149, 25.4892, 31.3504, 196.350, 251.116, 238.499, 260.779, 390.836, 335.316, 309.286,
50.0000, 343.817, 102.158, 58.0417, 25.8532, 32.2825, 194.117, 247.098, 239.927, 262.332, 393.950, 337.248, 311.183,
51.0000, 337.989, 101.777, 59.1372, 26.7159, 33.6446, 190.283, 242.247, 239.779, 262.768, 398.313, 341.360, 314.823,
52.0000, 332.942, 99.9722, 58.6535, 26.8078, 33.9713, 187.868, 238.605, 240.281, 264.098, 402.346, 344.452, 317.914,
53.0000, 329.941, 97.9012, 56.6825, 24.8934, 31.3142, 184.678, 234.362, 241.937, 265.878, 406.711, 348.196, 322.172,
54.0000, 329.678, 96.4133, 54.6151, 23.0825, 29.0506, 183.354, 233.083, 243.967, 267.172, 408.145, 349.708, 323.792,
55.0000, 332.146, 94.7100, 52.5620, 21.6689, 27.2382, 185.645, 235.258, 244.508, 266.895, 407.262, 348.777, 323.432,
56.0000, 336.762, 97.4849, 52.8809, 22.1168, 27.7895, 188.336, 240.804, 242.763, 265.740, 403.691, 345.352, 318.903,
57.0000, 342.498, 100.535, 55.8389, 25.4993, 31.4621, 194.713, 247.851, 241.026, 263.721, 398.180, 339.341, 312.832,
58.0000, 347.908, 104.463, 58.6601, 28.5929, 34.9900, 198.702, 253.625, 238.839, 261.472, 392.062, 334.472, 307.923,
59.0000, 351.306, 105.697, 58.4532, 28.1775, 34.3874, 199.066, 255.367, 238.297, 260.837, 389.831, 333.922, 306.937,
60.0000, 351.513, 104.812, 57.0255, 26.6802, 32.4358, 198.292, 254.602, 238.586, 260.546, 387.979, 332.102, 305.801,
61.0000, 348.756, 102.644, 55.7397, 25.3948, 31.2866, 196.900, 252.277, 238.584, 260.744, 389.930, 333.726, 307.570,
62.0000, 343.816, 101.412, 56.1820, 25.4447, 32.1378, 193.992, 248.399, 238.499, 261.382, 393.266, 336.918, 310.290,
63.0000, 337.833, 100.104, 57.9998, 26.7596, 33.5825, 191.659, 242.786, 239.729, 262.859, 397.854, 339.858, 314.055,
64.0000, 332.853, 99.3367, 57.1137, 26.7934, 33.8836, 188.223, 239.806, 241.055, 264.614, 402.213, 343.490, 317.090,
65.0000, 329.933, 96.1444, 54.7183, 24.7723, 31.2782, 186.181, 236.071, 242.614, 266.163, 405.758, 346.101, 320.643,
66.0000, 329.630, 93.9766, 53.1020, 23.1404, 29.0802, 185.414, 233.943, 244.379, 267.324, 407.830, 348.546, 323.841,
67.0000, 332.031, 93.4279, 51.9462, 21.9116, 27.3183, 186.735, 235.348, 244.534, 267.098, 407.142, 348.226, 323.621,
68.0000, 336.665, 95.5746, 52.0565, 22.2437, 27.7178, 189.993, 240.990, 243.450, 266.046, 403.734, 344.475, 319.044,
69.0000, 342.414, 100.710, 55.2063, 25.4249, 31.5496, 194.145, 248.256, 241.011, 263.910, 398.100, 339.700, 312.848,
70.0000, 347.773, 103.837, 58.4273, 28.9390, 35.4834, 199.626, 254.227, 238.782, 261.549, 392.569, 334.437, 307.774,
71.0000, 351.212, 104.666, 58.4308, 28.5599, 34.8838, 200.989, 256.195, 238.046, 260.530, 388.047, 330.889, 304.493,
72.0000, 351.551, 104.181, 56.8529, 26.6652, 32.4632, 199.269, 255.003, 237.300, 259.753, 386.559, 330.406, 304.295,
73.0000, 348.766, 102.120, 55.4925, 25.5706, 31.5356, 197.677, 252.740, 237.620, 260.060, 389.020, 332.595, 306.596,
74.0000, 343.688, 101.464, 55.9858, 25.7789, 32.5728, 194.271, 248.950, 238.047, 260.975, 392.257, 335.624, 309.149,
75.0000, 337.833, 100.563, 57.7036, 27.3074, 34.2244, 192.093, 244.103, 239.601, 262.738, 396.921, 338.525, 312.176,
76.0000, 332.831, 99.7229, 57.8757, 27.3679, 34.5169, 188.322, 239.404, 240.443, 264.446, 401.645, 342.882, 316.804,
77.0000, 329.853, 96.5419, 54.4535, 24.7674, 31.4660, 185.570, 236.323, 243.065, 266.695, 405.888, 346.668, 320.780,
78.0000, 329.529, 93.7682, 52.4750, 23.0350, 29.0289, 185.489, 234.511, 244.622, 267.475, 407.627, 348.508, 323.432,
79.0000, 331.992, 94.6764, 51.2124, 21.7967, 27.4532, 185.411, 236.356, 243.745, 266.822, 406.200, 347.694, 322.124,
80.0000, 336.626, 96.6267, 51.5614, 22.2772, 28.0588, 188.944, 241.929, 242.764, 265.561, 402.799, 344.543, 318.060,
81.0000, 342.383, 101.004, 54.8382, 25.5741, 32.0319, 194.086, 249.189, 240.263, 263.421, 397.196, 339.200, 311.855,
82.0000, 347.780, 103.951, 58.4049, 29.3151, 35.9570, 200.070, 254.864, 239.088, 261.663, 391.611, 333.540, 306.942,
83.0000, 351.207, 105.734, 58.4574, 29.0552, 35.5340, 200.202, 256.769, 238.765, 260.887, 388.404, 331.893, 305.035,
84.0000, 351.573, 103.977, 56.6110, 26.9804, 32.9650, 199.698, 255.714, 237.847, 260.042, 387.741, 331.588, 305.164,
85.0000, 348.746, 102.355, 55.4638, 25.7878, 31.8565, 197.723, 253.145, 237.876, 260.278, 388.879, 332.389, 306.415,
86.0000, 343.700, 101.900, 56.7122, 25.6072, 32.5501, 193.596, 248.125, 238.281, 261.053, 392.382, 336.103, 309.288,
87.0000, 337.861, 100.327, 57.0781, 26.8796, 33.9097, 191.613, 244.143, 238.839, 262.280, 397.479, 339.713, 313.273,
88.0000, 332.865, 99.4760, 56.8697, 26.8304, 34.2030, 187.876, 239.968, 240.026, 264.376, 402.065, 344.179, 317.488,
89.0000, 329.849, 97.2255, 54.5739, 24.9537, 31.6501, 185.040, 236.414, 242.572, 266.251, 405.423, 347.147, 320.974,
90.0000, 329.532, 94.1557, 52.6039, 23.3547, 29.3747, 185.279, 234.664, 244.522, 267.435, 407.828, 348.740, 323.570,
91.0000, 331.954, 93.5010, 51.3444, 21.9982, 27.5002, 186.740, 236.127, 244.455, 267.421, 407.247, 347.983, 323.057,
92.0000, 336.611, 95.9886, 51.6743, 22.3419, 27.8909, 189.461, 241.390, 243.084, 265.893, 403.509, 344.614, 318.883,
93.0000, 342.394, 100.211, 54.7837, 25.2217, 31.3916, 194.070, 248.105, 240.667, 263.627, 398.244, 340.117, 313.347,
94.0000, 347.799, 104.382, 57.4599, 28.3750, 34.9995, 198.053, 254.275, 238.276, 261.509, 392.197, 335.600, 308.551,
95.0000, 351.202, 104.989, 57.6223, 28.3983, 34.8762, 199.815, 256.456, 238.124, 260.712, 388.800, 333.052, 305.803,
96.0000, 351.562, 104.565, 56.6693, 27.2934, 33.1831, 199.046, 255.465, 237.019, 259.849, 387.517, 331.929, 305.437,
97.0000, 348.757, 102.962, 55.7044, 26.1579, 32.2549, 197.161, 253.041, 238.254, 260.680, 389.336, 333.383, 307.235,
98.0000, 343.683, 101.890, 56.2953, 26.4394, 33.2465, 194.601, 249.409, 239.131, 261.922, 393.086, 336.447, 309.881,
99.0000, 337.834, 99.8957, 56.9021, 26.7138, 33.5986, 191.695, 243.733, 240.402, 263.682, 399.184, 341.838, 315.818,
100.000, 332.852, 98.0628, 56.4237, 26.6604, 33.9451, 188.737, 239.787, 240.765, 264.329, 403.010, 345.563, 319.312,
101.000, 329.887, 96.1705, 54.1361, 24.9293, 31.7127, 185.811, 236.559, 242.486, 266.471, 406.849, 348.925, 322.824,
102.000, 329.572, 94.5562, 52.7665, 23.3228, 29.2794, 184.331, 233.861, 244.216, 267.330, 408.795, 351.261, 325.811,
103.000, 331.982, 94.4074, 51.0107, 21.6806, 27.3403, 184.906, 235.835, 244.929, 267.766, 408.281, 350.534, 324.711,
104.000, 336.657, 96.4362, 51.4417, 22.2427, 27.8506, 188.136, 240.876, 243.692, 266.434, 405.289, 347.471, 321.367,
105.000, 342.431, 100.597, 54.6903, 25.2353, 31.5285, 193.296, 247.982, 241.177, 264.075, 399.268, 341.945, 314.959,
106.000, 347.851, 104.120, 57.7987, 28.7310, 35.2277, 198.405, 253.881, 239.581, 262.325, 394.375, 337.857, 310.725,
107.000, 351.273, 104.923, 57.6114, 28.3162, 34.9039, 199.595, 256.323, 238.730, 260.950, 389.978, 334.412, 307.583,
108.000, 351.657, 103.527, 55.9613, 26.8446, 32.7664, 199.278, 255.398, 238.692, 260.802, 388.881, 333.575, 307.763,
109.000, 348.871, 102.810, 55.2022, 25.7414, 31.7228, 196.365, 252.572, 239.694, 261.519, 391.308, 336.236, 310.194,
110.000, 343.749, 100.870, 55.8210, 25.7573, 32.4769, 194.566, 248.717, 239.366, 261.881, 394.154, 337.987, 311.667,
111.000, 337.949, 100.436, 57.1412, 26.8214, 33.8887, 191.250, 243.839, 239.600, 262.912, 399.004, 341.697, 315.316,
112.000, 333.007, 98.6725, 56.0468, 26.6933, 33.6660, 188.529, 240.276, 241.592, 265.392, 403.891, 345.493, 319.135,
113.000, 329.920, 95.6599, 53.8476, 24.6900, 31.1377, 185.902, 236.115, 243.824, 267.060, 407.344, 348.732, 323.159,
114.000, 329.558, 93.7708, 52.4406, 23.1599, 29.0077, 184.627, 233.534, 245.416, 268.066, 408.857, 351.110, 326.230,
115.000, 332.077, 93.1981, 50.8948, 21.7927, 27.3436, 185.952, 235.612, 245.638, 267.831, 408.588, 350.474, 325.678,
116.000, 336.822, 95.4656, 51.4398, 22.2713, 27.8515, 189.459, 241.136, 243.987, 266.309, 404.358, 346.126, 320.545,
117.000, 342.531, 99.9210, 54.5162, 25.6380, 31.9081, 194.869, 249.008, 241.099, 263.642, 398.017, 339.685, 312.951,
118.000, 347.929, 104.005, 57.7852, 29.2313, 35.6809, 199.509, 254.784, 238.767, 261.493, 391.837, 334.425, 307.693,
119.000, 351.333, 105.656, 57.9680, 28.7749, 35.2755, 199.703, 256.682, 237.956, 260.464, 387.791, 331.657, 304.823,
120.000, 351.747, 103.335, 56.2077, 26.9695, 32.7910, 200.205, 255.754, 238.240, 259.970, 386.464, 329.997, 304.436,
121.000, 349.002, 102.497, 55.8177, 25.8325, 31.7626, 197.253, 252.337, 238.783, 260.782, 389.247, 333.203, 307.237,
122.000, 343.854, 100.753, 55.8109, 25.7916, 32.6805, 195.002, 249.189, 238.197, 260.856, 392.731, 335.893, 309.371,
123.000, 338.079, 100.212, 57.3302, 27.1667, 34.3613, 192.368, 244.667, 239.402, 262.689, 397.495, 338.912, 312.603,
124.000, 333.114, 98.8129, 56.7804, 27.0523, 34.1980, 188.996, 240.316, 240.924, 264.478, 402.336, 343.519, 317.114,
125.000, 329.982, 96.2717, 54.4777, 24.8308, 31.4059, 185.510, 235.814, 242.411, 266.197, 406.168, 347.426, 321.836,
126.000, 329.881, 93.6859, 52.3889, 23.3109, 29.2410, 185.640, 234.598, 245.154, 267.905, 408.605, 349.440, 324.766,
127.000, 332.153, 92.7009, 50.8501, 21.9107, 27.4307, 187.184, 236.254, 244.809, 267.348, 407.898, 348.871, 324.332,
128.000, 336.745, 95.4775, 51.2291, 22.2541, 27.8477, 189.724, 241.593, 243.688, 266.228, 404.364, 345.604, 320.099,
129.000, 342.721, 100.214, 54.5045, 25.5985, 31.7511, 194.668, 248.966, 241.020, 263.816, 398.507, 340.116, 313.651,
130.000, 348.073, 104.188, 57.5601, 28.7175, 35.2816, 198.664, 254.545, 238.925, 261.795, 393.359, 336.311, 309.504,
131.000, 351.494, 105.917, 57.9270, 28.3485, 35.0202, 199.003, 256.437, 237.174, 259.991, 387.788, 332.375, 305.418,
132.000, 351.864, 104.794, 56.5532, 27.1058, 33.0945, 198.698, 255.568, 237.554, 260.183, 387.870, 332.691, 306.233,
133.000, 349.014, 101.826, 55.3268, 25.9953, 31.8506, 198.219, 253.000, 237.826, 260.123, 389.907, 333.871, 308.109,
134.000, 343.929, 100.669, 55.7806, 25.4593, 32.1537, 194.647, 248.540, 238.808, 261.492, 393.707, 337.220, 310.978,
135.000, 338.159, 100.504, 57.1301, 26.8648, 34.0366, 191.304, 244.011, 238.741, 262.594, 398.771, 341.410, 315.251,
136.000, 333.052, 99.1264, 56.3295, 26.4570, 33.7681, 187.582, 239.891, 240.631, 264.791, 403.341, 345.633, 318.870,
137.000, 330.115, 95.8002, 53.5381, 24.4962, 31.0370, 185.857, 236.597, 243.241, 266.786, 406.948, 348.340, 322.853,
138.000, 329.708, 93.6927, 51.9298, 22.9676, 28.7932, 184.617, 233.991, 245.071, 267.786, 408.978, 351.132, 326.148,
139.000, 332.060, 92.8584, 50.7899, 21.7094, 27.1300, 186.143, 235.437, 245.795, 267.873, 408.719, 350.689, 326.078,
140.000, 336.900, 95.6722, 51.1164, 22.0259, 27.7635, 189.251, 241.640, 243.203, 265.611, 404.280, 346.331, 320.226,
141.000, 342.628, 99.9785, 54.5705, 25.3886, 31.6826, 194.569, 248.725, 241.819, 264.220, 399.217, 341.211, 314.396,
142.000, 347.801, 104.625, 57.5069, 28.4858, 35.1367, 197.669, 254.135, 238.751, 261.806, 394.064, 337.824, 310.572,
143.000, 351.355, 105.233, 57.6118, 28.4442, 34.9925, 199.850, 256.784, 237.825, 260.526, 389.578, 333.931, 306.911,
144.000, 351.634, 104.088, 56.2227, 26.9039, 32.8896, 199.117, 255.535, 237.589, 260.392, 388.553, 332.926, 306.712,
145.000, 348.919, 101.760, 55.4178, 25.7688, 31.8380, 197.687, 252.545, 238.024, 260.036, 389.584, 333.743, 307.763,
146.000, 344.010, 101.726, 55.7280, 25.6044, 32.7428, 193.474, 249.047, 238.609, 261.369, 393.524, 338.347, 311.132,
147.000, 338.220, 100.133, 56.8464, 27.3608, 34.4450, 192.312, 244.861, 239.847, 263.008, 398.238, 340.837, 314.693,
148.000, 333.027, 98.7076, 56.6259, 26.7918, 34.1414, 188.202, 239.795, 241.165, 264.852, 403.246, 345.663, 319.272,
149.000, 330.020, 95.8512, 54.1880, 24.7076, 31.2256, 185.735, 235.879, 243.509, 266.724, 407.341, 349.095, 323.330,
150.000, 329.769, 95.3198, 53.5829, 22.9652, 28.8489, 183.273, 232.701, 245.051, 267.964, 409.525, 351.478, 326.412,
151.000, 332.194, 95.5813, 54.0823, 21.7171, 27.1125, 184.076, 232.868, 244.839, 266.911, 408.349, 350.063, 325.102,
152.000, 336.936, 98.0197, 55.2678, 21.8515, 27.4107, 186.717, 237.173, 242.788, 264.866, 403.916, 345.262, 319.492,
153.000, 342.513, 102.806, 59.0873, 25.0591, 30.9838, 190.944, 243.224, 240.359, 262.595, 398.823, 340.444, 313.942,
154.000, 348.036, 107.094, 62.5232, 28.5241, 34.5832, 196.266, 249.697, 237.973, 260.573, 393.010, 335.572, 309.046,
155.000, 351.255, 109.103, 62.6638, 28.0089, 34.1158, 195.819, 251.423, 237.002, 259.277, 389.542, 334.145, 307.380,
156.000, 351.799, 106.887, 60.9286, 26.2306, 31.8174, 196.356, 250.724, 236.832, 258.795, 388.928, 333.595, 307.187,
157.000, 348.983, 105.061, 60.0316, 25.3257, 30.7331, 195.022, 248.057, 237.876, 259.879, 390.467, 334.014, 308.595,
158.000, 344.001, 103.527, 59.6231, 24.8224, 31.0285, 191.901, 244.526, 238.447, 260.716, 394.426, 338.148, 312.198,
159.000, 338.106, 102.939, 61.0840, 26.2084, 32.9818, 189.013, 240.076, 238.516, 261.565, 398.406, 341.041, 314.919,
160.000, 333.042, 102.020, 60.8922, 26.2000, 33.1552, 185.142, 235.644, 240.235, 263.246, 403.086, 345.741, 319.404,
161.000, 330.007, 99.1960, 58.6965, 24.3352, 30.6267, 182.997, 231.987, 241.597, 264.496, 406.054, 347.931, 322.085,
162.000, 329.628, 97.2533, 57.1313, 22.8699, 28.5799, 182.258, 230.117, 243.002, 265.418, 407.507, 349.557, 324.644,
163.000, 332.051, 96.8912, 55.6371, 21.6304, 26.8463, 183.458, 232.018, 243.777, 265.628, 407.061, 348.956, 324.086,
164.000, 336.744, 99.3628, 55.7884, 21.8634, 27.2902, 186.381, 237.667, 241.501, 264.077, 403.099, 345.341, 319.231,
165.000, 342.455, 103.749, 58.6126, 25.0057, 31.0096, 191.128, 245.024, 239.533, 261.862, 397.735, 339.953, 312.783,
166.000, 347.883, 106.757, 61.1568, 28.1688, 34.5052, 196.423, 251.223, 237.305, 259.912, 391.815, 334.720, 307.550,
167.000, 351.364, 106.324, 60.7012, 27.9334, 33.8699, 199.173, 253.575, 237.269, 259.246, 388.764, 332.262, 305.547,
168.000, 351.721, 105.243, 58.6789, 26.2042, 31.9128, 197.949, 253.014, 237.163, 259.158, 388.429, 332.456, 305.972,
169.000, 348.791, 104.111, 57.8664, 25.3706, 31.2391, 195.830, 250.500, 235.888, 258.562, 388.810, 332.879, 306.585,
170.000, 343.816, 103.337, 58.5966, 25.6371, 32.1969, 192.806, 246.607, 237.236, 260.047, 392.823, 336.567, 309.803,
171.000, 337.981, 102.132, 59.6967, 26.6285, 33.5147, 190.172, 241.759, 238.075, 261.668, 398.056, 340.466, 314.036,
172.000, 332.942, 100.584, 58.9493, 26.2784, 33.4392, 186.435, 237.543, 239.802, 263.194, 402.396, 344.980, 318.600,
173.000, 329.949, 97.6236, 55.7582, 24.2271, 30.7793, 184.112, 234.650, 241.971, 265.461, 406.651, 348.931, 322.674,
174.000, 329.612, 94.9238, 54.0230, 22.8053, 28.5641, 184.096, 232.706, 244.553, 266.823, 408.180, 349.687, 324.628,
175.000, 332.036, 94.8593, 52.6068, 21.5931, 26.9844, 184.999, 234.574, 243.785, 265.948, 406.460, 348.374, 323.188,
176.000, 336.659, 97.6334, 53.1423, 21.9898, 27.6056, 187.435, 239.722, 241.908, 264.796, 403.478, 345.694, 319.356,
177.000, 342.385, 101.155, 56.2004, 25.4771, 31.5410, 193.836, 247.333, 240.519, 263.068, 398.179, 339.926, 313.073,
178.000, 347.774, 105.052, 59.1410, 28.7656, 35.3525, 198.116, 253.273, 238.357, 261.151, 393.170, 336.094, 309.086,
179.000, 351.232, 105.698, 58.9343, 28.3258, 34.7604, 199.456, 255.417, 237.451, 259.789, 388.822, 332.977, 306.434,
180.000, 351.541, 104.765, 57.1260, 26.8695, 32.7279, 198.696, 254.869, 237.653, 259.904, 388.114, 332.080, 305.909,
181.000, 348.824, 102.421, 56.0371, 25.6001, 31.5665, 197.232, 252.059, 238.586, 260.472, 389.956, 334.066, 307.793,
182.000, 343.759, 101.763, 56.4880, 25.6371, 32.3637, 193.744, 248.157, 238.444, 261.087, 393.163, 336.854, 310.234,
183.000, 337.886, 100.370, 57.4093, 27.0209, 34.0442, 191.652, 243.879, 239.426, 262.412, 397.672, 340.104, 313.900,
184.000, 332.853, 98.7603, 56.7407, 26.6864, 33.9186, 188.157, 239.599, 240.929, 264.355, 402.730, 344.689, 318.386,
185.000, 329.859, 96.2181, 54.5240, 24.9236, 31.3918, 185.546, 235.700, 243.256, 266.443, 406.468, 348.001, 322.354,
186.000, 329.537, 94.4385, 52.7159, 23.3310, 29.0603, 184.199, 233.447, 244.358, 267.358, 408.510, 350.525, 325.624,
187.000, 331.967, 93.3356, 51.2829, 21.8814, 27.3092, 185.885, 235.093, 244.718, 267.217, 408.017, 349.596, 325.012,
188.000, 336.594, 95.9054, 51.9782, 22.1229, 27.7693, 187.928, 239.635, 243.423, 265.604, 404.274, 346.358, 320.406,
189.000, 342.395, 100.553, 55.1306, 25.3533, 31.6296, 192.952, 247.123, 240.712, 263.529, 399.471, 341.804, 314.979,
190.000, 347.804, 104.149, 58.0741, 28.9667, 35.3457, 198.665, 253.754, 238.441, 261.400, 394.107, 337.074, 310.375,
191.000, 351.201, 105.110, 58.0462, 28.4345, 34.8778, 199.507, 255.769, 237.610, 260.220, 390.285, 334.759, 307.884,
192.000, 351.583, 104.345, 56.5878, 26.9388, 33.0298, 198.680, 255.162, 237.358, 260.082, 389.032, 333.749, 307.080,
193.000, 348.793, 101.788, 55.3215, 25.7937, 31.6869, 198.106, 252.831, 238.172, 260.549, 390.560, 334.402, 308.622,
194.000, 343.690, 100.329, 55.8278, 25.6878, 32.3912, 195.056, 248.562, 239.051, 261.344, 394.310, 337.946, 311.903,
195.000, 337.852, 100.152, 57.3983, 26.9770, 34.2334, 191.795, 244.040, 239.309, 262.510, 398.365, 340.947, 314.575,
196.000, 332.835, 98.5089, 56.4510, 26.6710, 33.8153, 188.691, 240.075, 240.836, 264.363, 402.772, 344.274, 317.702,
197.000, 329.850, 95.5775, 53.6559, 24.5347, 31.0039, 185.968, 236.276, 242.681, 266.305, 406.945, 348.340, 322.578,
198.000, 329.533, 93.4783, 52.0297, 23.0790, 28.8770, 185.009, 233.931, 244.911, 267.835, 409.394, 351.253, 326.685,
199.000, 331.978, 93.3959, 50.7550, 21.6650, 27.1735, 185.162, 235.165, 245.184, 267.288, 408.539, 351.244, 326.130,
200.000, 336.623, 95.7586, 51.4012, 22.1803, 27.8442, 188.194, 240.398, 243.349, 265.535, 403.984, 346.417, 320.584,
201.000, 342.386, 100.286, 54.6931, 25.2055, 31.5462, 193.474, 247.978, 241.835, 264.058, 398.913, 341.368, 314.212,
202.000, 347.778, 103.584, 57.6131, 28.7994, 35.1967, 199.341, 254.308, 239.203, 261.808, 393.792, 336.164, 309.647,
203.000, 351.184, 104.987, 57.8130, 28.4780, 35.0911, 200.098, 256.602, 238.125, 260.606, 389.686, 333.555, 306.758,
204.000, 351.549, 104.008, 56.4434, 27.1627, 33.1747, 199.488, 255.658, 238.119, 260.311, 388.621, 332.685, 306.450,
205.000, 348.739, 102.178, 55.1882, 25.7365, 31.8028, 197.312, 252.880, 238.759, 260.646, 390.144, 334.236, 308.446,
206.000, 343.650, 100.813, 55.5798, 25.8726, 32.4681, 194.938, 249.075, 238.764, 261.432, 393.941, 337.071, 310.964,
207.000, 337.829, 99.4010, 56.9248, 26.8393, 33.7731, 192.669, 244.163, 239.583, 262.684, 398.027, 339.532, 313.798,
208.000, 332.819, 98.1885, 56.2182, 26.4432, 33.5070, 188.568, 239.623, 240.246, 264.304, 403.172, 344.661, 318.424,
209.000, 329.825, 95.4944, 53.7551, 24.8258, 31.1964, 186.260, 236.235, 243.013, 266.393, 406.967, 347.966, 322.669,
210.000, 329.508, 93.5374, 52.3790, 23.3793, 29.2996, 185.600, 234.311, 244.024, 267.416, 408.700, 350.036, 325.331,
211.000, 331.948, 92.8997, 50.9809, 21.9836, 27.4661, 186.584, 235.653, 244.514, 267.227, 408.125, 349.407, 324.781,
212.000, 336.613, 95.7612, 51.4939, 22.2973, 27.9081, 189.038, 240.941, 243.442, 266.035, 404.431, 346.173, 320.536,
213.000, 342.379, 99.8065, 54.4514, 25.4678, 31.6718, 194.628, 248.587, 240.854, 263.595, 398.421, 339.868, 313.308,
214.000, 347.734, 103.914, 57.7749, 28.8206, 35.2297, 199.024, 254.220, 239.067, 261.675, 392.981, 335.131, 308.396,
215.000, 351.204, 104.703, 57.4335, 28.2171, 34.5478, 199.717, 256.073, 237.824, 260.306, 389.400, 333.439, 306.867,
216.000, 351.559, 103.868, 56.3992, 26.7196, 32.6313, 198.963, 254.982, 238.354, 260.438, 388.686, 333.131, 306.588,
217.000, 348.755, 101.579, 55.0737, 25.6879, 31.7340, 198.004, 253.015, 238.396, 260.280, 389.264, 332.842, 306.760,
218.000, 343.684, 100.359, 54.8797, 25.3794, 32.1760, 194.828, 249.333, 237.937, 261.146, 394.205, 337.803, 311.631,
219.000, 337.849, 99.8402, 56.4294, 26.6998, 33.8097, 191.551, 244.131, 238.253, 262.336, 399.424, 342.110, 316.040,
220.000, 332.845, 98.7615, 56.7327, 26.8570, 34.1118, 187.969, 239.235, 239.904, 264.259, 403.963, 346.510, 320.441,
221.000, 329.846, 95.0776, 53.5794, 24.9105, 31.3129, 186.676, 236.425, 243.121, 266.536, 407.677, 349.378, 323.688,
222.000, 329.536, 93.1851, 51.6880, 23.2209, 29.1242, 185.648, 234.740, 244.954, 267.914, 409.931, 351.794, 326.642,
223.000, 331.984, 92.6554, 50.5733, 21.7051, 27.2897, 186.133, 235.460, 244.535, 267.125, 409.052, 351.050, 326.156,
224.000, 336.609, 94.2309, 51.1759, 21.9616, 27.6356, 189.003, 239.654, 243.388, 265.784, 405.945, 347.593, 322.124,
225.000, 342.457, 98.8772, 54.4473, 25.3079, 31.5030, 193.547, 246.544, 240.758, 263.426, 400.134, 342.234, 315.918,
226.000, 347.816, 102.829, 57.6562, 28.4223, 35.0484, 197.805, 252.271, 239.168, 261.697, 395.157, 338.721, 312.031,
227.000, 351.238, 104.417, 57.5396, 28.3123, 34.7989, 199.235, 255.248, 238.283, 261.290, 392.474, 337.526, 310.841,
228.000, 351.634, 103.856, 56.1365, 26.6732, 32.5312, 197.859, 254.089, 239.069, 261.181, 390.484, 335.790, 309.814,
229.000, 348.803, 101.610, 55.1844, 25.8824, 31.7277, 197.189, 251.970, 240.056, 261.632, 391.848, 336.404, 310.911,
230.000, 343.709, 100.712, 55.0853, 25.5418, 32.4370, 193.077, 248.062, 239.727, 261.914, 395.217, 340.389, 313.978,
231.000, 337.954, 99.0602, 56.1508, 26.4694, 33.5551, 191.253, 243.415, 240.868, 263.611, 400.089, 343.244, 317.348,
232.000, 332.911, 96.5168, 55.6002, 26.3187, 33.1931, 188.651, 238.496, 242.812, 265.459, 405.380, 348.004, 322.405,
233.000, 329.932, 94.7528, 53.4308, 24.6904, 30.9656, 185.814, 235.294, 243.978, 267.105, 409.364, 351.401, 326.215,
234.000, 329.671, 92.0625, 52.0006, 23.1734, 28.8976, 185.440, 232.961, 245.961, 268.115, 411.055, 353.345, 328.862,
235.000, 332.057, 91.6909, 50.7610, 21.5869, 26.9861, 185.774, 233.855, 245.916, 267.841, 410.040, 352.145, 327.772,
236.000, 336.719, 95.3638, 51.3437, 21.8755, 27.5671, 187.564, 239.448, 243.971, 266.087, 405.377, 348.424, 322.297,
237.000, 342.575, 100.069, 54.6137, 25.5064, 31.6817, 193.704, 247.841, 241.728, 263.965, 399.733, 342.315, 315.613,
238.000, 347.929, 104.513, 57.6309, 28.7534, 35.3766, 198.059, 254.230, 238.695, 261.603, 393.875, 337.226, 310.260,
239.000, 351.385, 104.495, 57.4808, 28.2187, 34.6432, 199.675, 255.794, 237.760, 260.467, 390.552, 335.061, 308.509,
240.000, 351.801, 103.750, 55.8848, 26.6816, 32.5337, 198.880, 255.286, 239.042, 260.807, 389.242, 333.520, 307.500,
241.000, 348.912, 101.940, 55.3314, 25.5514, 31.6070, 197.120, 252.249, 238.553, 260.337, 389.893, 334.728, 308.845,
242.000, 343.852, 100.372, 55.6144, 25.6532, 32.1765, 194.880, 248.470, 238.499, 260.906, 393.486, 336.858, 310.910,
243.000, 337.994, 99.6812, 56.9883, 27.3378, 34.3874, 192.712, 244.554, 239.272, 262.660, 398.941, 340.887, 314.979,
244.000, 333.016, 99.0874, 56.7503, 27.1243, 34.5140, 188.402, 240.249, 240.556, 264.359, 402.800, 344.587, 318.260,
245.000, 330.003, 95.8020, 53.6499, 24.5791, 31.3045, 185.878, 236.672, 243.110, 266.580, 406.968, 348.460, 322.651,
246.000, 329.706, 93.4726, 52.0222, 23.3015, 29.1477, 185.453, 234.388, 244.192, 267.377, 409.224, 350.925, 326.125,
247.000, 332.158, 92.9831, 50.5766, 21.6933, 27.2356, 185.951, 235.618, 244.595, 267.228, 408.431, 350.503, 325.596,
248.000, 336.837, 95.8484, 51.1645, 22.0079, 27.6563, 188.296, 240.722, 243.108, 265.729, 404.313, 346.692, 320.781,
249.000, 342.514, 99.4861, 54.3840, 25.3202, 31.5242, 194.596, 248.301, 241.217, 263.447, 398.667, 340.632, 314.356,
250.000, 347.918, 104.318, 57.8131, 28.8265, 35.3886, 198.609, 254.311, 238.320, 261.087, 392.414, 335.072, 308.616,
251.000, 351.376, 105.147, 57.6539, 28.3816, 34.8472, 199.733, 256.375, 238.138, 260.869, 389.530, 333.174, 306.688,
252.000, 351.822, 102.935, 55.7531, 26.7283, 32.5193, 199.797, 255.358, 238.535, 260.234, 388.902, 333.116, 307.398,
253.000, 348.978, 100.920, 54.9369, 25.6524, 31.7969, 198.256, 252.809, 238.245, 259.898, 389.442, 333.439, 307.547,
254.000, 343.836, 100.414, 55.3111, 25.5832, 32.4588, 194.620, 248.939, 238.014, 260.453, 392.901, 336.731, 310.535,
255.000, 338.071, 99.1434, 56.0679, 26.5184, 33.6192, 192.010, 244.350, 239.626, 262.627, 398.784, 341.366, 315.330,
256.000, 332.973, 98.2620, 55.7728, 26.5450, 33.5903, 188.482, 240.106, 240.443, 264.311, 403.257, 344.472, 318.517,
257.000, 329.997, 95.3578, 53.6191, 24.7382, 31.2106, 186.070, 236.259, 243.373, 266.494, 407.209, 348.638, 323.101,
258.000, 329.715, 92.9099, 51.9305, 23.3764, 29.1975, 186.148, 234.622, 244.761, 267.426, 409.345, 350.863, 326.231,
259.000, 332.256, 92.9561, 50.4790, 21.9001, 27.4630, 187.130, 236.854, 244.654, 267.287, 408.574, 350.402, 325.494,
260.000, 336.777, 95.8933, 51.0464, 22.1030, 27.8396, 188.791, 241.457, 243.445, 265.790, 404.695, 347.160, 321.418,
261.000, 342.711, 99.7809, 54.5109, 25.1608, 31.4466, 194.330, 248.286, 241.463, 263.957, 399.170, 341.131, 314.773,
262.000, 348.053, 103.995, 57.7207, 28.7425, 35.3349, 198.827, 254.375, 239.772, 262.240, 394.121, 336.823, 310.063,
263.000, 351.495, 104.485, 57.4442, 28.6439, 34.8860, 200.744, 256.732, 238.278, 260.580, 389.969, 333.563, 307.208,
264.000, 351.832, 103.283, 55.9627, 27.1029, 32.9545, 199.866, 255.671, 238.664, 260.618, 389.511, 333.572, 307.755,
265.000, 349.035, 101.250, 54.9866, 25.9975, 32.0295, 198.502, 253.239, 238.207, 259.990, 390.226, 334.382, 308.883,
266.000, 343.833, 100.068, 55.5408, 26.0678, 32.8165, 195.948, 249.503, 239.042, 261.253, 393.997, 337.282, 311.463,
267.000, 337.985, 99.0623, 57.0872, 27.7020, 34.7408, 193.876, 244.971, 240.290, 262.814, 398.668, 340.593, 315.006,
268.000, 333.039, 98.9451, 57.1260, 27.5095, 34.7889, 189.085, 240.292, 240.754, 264.314, 403.304, 345.078, 319.135,
269.000, 330.017, 95.8449, 53.7100, 24.8347, 31.3478, 186.194, 236.729, 243.063, 266.650, 407.665, 349.159, 323.562,
270.000, 329.751, 92.9831, 51.9668, 23.2110, 28.9706, 185.432, 233.888, 244.622, 267.536, 409.799, 351.581, 327.006,
271.000, 332.118, 92.3212, 50.7493, 21.7788, 27.1969, 185.947, 234.707, 245.512, 267.642, 409.764, 351.677, 327.229,
272.000, 336.732, 95.6023, 50.9183, 22.0566, 27.7391, 188.629, 241.065, 243.670, 266.303, 405.601, 347.923, 322.017,
273.000, 342.645, 99.8477, 54.1271, 25.0658, 31.2045, 193.810, 248.141, 242.274, 264.582, 400.471, 342.863, 316.233,
274.000, 347.966, 104.059, 57.3490, 28.2109, 34.7003, 197.598, 253.396, 239.191, 262.205, 395.378, 338.868, 312.375,
275.000, 351.489, 104.461, 57.2873, 27.9869, 34.3541, 199.325, 255.574, 238.651, 261.223, 391.904, 336.647, 310.026,
276.000, 351.974, 103.613, 56.1106, 26.6478, 32.5706, 198.922, 254.913, 238.153, 260.469, 389.997, 334.928, 308.776,
277.000, 349.127, 102.329, 55.3140, 25.6727, 31.6655, 196.859, 252.345, 238.767, 260.730, 390.579, 335.499, 309.720,
278.000, 343.999, 100.336, 55.1358, 25.6733, 32.3681, 194.969, 249.186, 239.647, 262.086, 395.551, 339.543, 313.427,
279.000, 338.045, 98.9774, 56.3016, 27.0895, 34.0313, 193.068, 244.762, 239.662, 262.839, 399.299, 341.894, 316.385,
280.000, 333.034, 97.7345, 56.2503, 27.0886, 34.1464, 189.541, 240.131, 241.539, 264.944, 404.580, 346.660, 320.608,
281.000, 330.044, 95.4803, 53.6635, 24.9136, 31.3992, 186.092, 236.277, 243.839, 267.183, 408.385, 349.649, 324.368,
282.000, 329.586, 93.1000, 52.0533, 23.2252, 28.9842, 184.949, 233.484, 245.298, 267.701, 409.693, 351.612, 327.165,
283.000, 332.074, 92.9466, 50.7856, 21.5293, 26.8892, 184.905, 234.212, 245.308, 267.605, 409.217, 351.738, 326.973,
284.000, 336.761, 95.9199, 51.1701, 21.7324, 27.4148, 187.483, 239.961, 242.817, 265.539, 404.823, 347.876, 321.810,
285.000, 342.558, 99.8125, 54.2142, 25.0318, 31.2959, 193.568, 247.820, 241.544, 264.187, 400.468, 343.014, 316.355,
286.000, 347.930, 103.626, 57.8892, 28.9567, 35.2205, 198.924, 253.532, 239.644, 262.155, 394.768, 337.686, 311.496,
287.000, 351.454, 105.353, 58.0136, 28.8117, 35.1774, 199.499, 255.896, 238.263, 260.869, 391.194, 335.875, 309.140,
288.000, 351.779, 104.594, 56.8295, 27.1250, 33.1225, 198.009, 254.447, 238.513, 260.459, 389.349, 334.837, 308.766,
289.000, 348.960, 102.128, 55.0915, 25.7400, 31.7024, 196.893, 252.352, 239.215, 261.263, 391.973, 336.703, 310.889,
290.000, 343.778, 100.562, 55.1064, 25.5947, 32.0884, 194.461, 248.658, 239.014, 261.828, 395.594, 339.384, 313.596,
291.000, 337.942, 98.8411, 56.2951, 26.7480, 33.5400, 192.188, 243.639, 239.814, 262.748, 399.577, 342.479, 316.823,
292.000, 332.917, 97.8711, 56.2861, 26.4108, 33.4006, 187.201, 237.921, 241.165, 264.636, 403.884, 346.478, 320.509,
293.000, 329.892, 94.5516, 53.7508, 24.7319, 30.9550, 185.597, 234.637, 244.613, 267.098, 408.122, 350.092, 324.977,
294.000, 329.617, 92.0046, 52.0490, 23.2424, 28.8616, 185.972, 233.185, 244.867, 267.455, 410.232, 351.999, 327.988,
295.000, 332.071, 92.2534, 50.5973, 21.6632, 27.0661, 186.165, 234.883, 245.474, 267.861, 410.396, 352.451, 328.394,
296.000, 336.747, 95.5187, 51.0813, 21.9073, 27.5375, 188.253, 240.363, 243.747, 266.274, 406.299, 349.203, 323.580,
297.000, 342.280, 99.7132, 54.1890, 25.0766, 31.3547, 193.243, 247.508, 241.745, 264.175, 401.252, 344.412, 317.791,
298.000, 347.849, 103.722, 57.4549, 28.6433, 35.1184, 198.365, 253.728, 239.399, 262.058, 395.077, 338.487, 311.962,
299.000, 351.301, 104.602, 57.7297, 28.5611, 35.0127, 199.891, 255.857, 237.826, 260.589, 391.424, 335.980, 309.158,
300.000, 351.619, 104.214, 56.2098, 26.8003, 32.9176, 198.465, 255.160, 238.182, 260.822, 390.581, 335.822, 309.260,
301.000, 348.821, 100.977, 54.8150, 25.4895, 31.4086, 198.074, 252.471, 239.003, 261.289, 392.590, 336.738, 310.987,
302.000, 343.750, 100.217, 55.0690, 25.0887, 31.7652, 193.764, 247.871, 238.618, 261.301, 395.397, 339.414, 313.254,
303.000, 337.931, 99.8484, 56.5163, 26.7340, 33.7095, 191.541, 244.018, 239.548, 262.857, 399.455, 342.078, 315.864,
304.000, 332.871, 97.3247, 55.6360, 26.5001, 33.4219, 189.215, 239.819, 240.728, 264.524, 403.998, 345.855, 320.224,
305.000, 329.878, 95.5763, 53.9388, 24.5844, 31.0403, 185.225, 235.185, 242.671, 266.063, 407.593, 349.713, 324.189,
306.000, 329.488, 93.0999, 52.2276, 23.2103, 28.9563, 184.794, 233.095, 244.869, 267.531, 409.801, 351.816, 327.280,
307.000, 331.951, 92.3986, 50.6117, 21.5467, 27.0276, 185.768, 234.670, 244.629, 267.228, 409.740, 352.432, 327.810,
308.000, 336.670, 95.0888, 51.1713, 21.8862, 27.5693, 188.453, 240.045, 243.892, 266.511, 406.288, 348.657, 322.878,
309.000, 342.444, 99.0728, 54.4149, 25.0031, 31.3519, 193.543, 246.962, 242.098, 264.366, 401.031, 343.514, 317.062,
310.000, 347.805, 104.107, 57.8286, 28.7001, 35.3391, 197.772, 253.322, 239.574, 262.249, 395.221, 338.967, 312.114,
311.000, 351.268, 105.186, 57.6661, 28.3181, 34.9371, 199.026, 255.958, 238.784, 261.378, 391.760, 336.419, 309.344,
312.000, 351.519, 103.707, 55.9208, 26.5711, 32.6132, 198.151, 254.605, 238.832, 260.948, 390.863, 335.987, 309.724,
313.000, 348.776, 101.228, 54.8231, 25.5594, 31.5549, 197.762, 252.559, 239.890, 261.645, 392.320, 336.359, 310.350,
314.000, 343.687, 100.607, 55.7929, 25.4268, 32.1759, 194.039, 247.868, 239.335, 261.882, 395.559, 339.741, 313.423,
315.000, 337.850, 99.4775, 56.6685, 26.5458, 33.7967, 191.448, 243.703, 239.336, 262.537, 399.736, 343.015, 316.609,
316.000, 332.819, 98.0987, 56.3163, 26.5804, 33.6878, 188.296, 239.251, 240.764, 264.431, 404.480, 346.994, 320.658,
317.000, 329.817, 96.1200, 53.8987, 24.6074, 31.0336, 184.524, 235.088, 242.997, 266.648, 408.376, 350.893, 325.148,
318.000, 329.516, 93.2477, 51.8698, 22.9277, 28.7422, 184.311, 233.236, 245.463, 268.055, 410.707, 353.350, 328.341,
319.000, 331.974, 92.0240, 50.3633, 21.4370, 26.8493, 185.710, 234.476, 245.822, 267.957, 410.394, 353.358, 328.443,
320.000, 336.587, 95.4201, 51.0922, 21.7807, 27.5403, 187.518, 239.715, 243.788, 266.412, 406.469, 349.140, 322.970,
321.000, 342.396, 98.8484, 54.2894, 25.1044, 31.3405, 194.246, 247.455, 242.068, 264.348, 401.172, 343.527, 316.782,
322.000, 347.745, 103.419, 57.7940, 28.6045, 35.1929, 198.514, 253.387, 240.054, 262.255, 395.089, 338.189, 311.617,
323.000, 351.183, 104.643, 57.3132, 27.8345, 34.2941, 199.069, 255.596, 238.520, 261.006, 391.206, 335.679, 308.978,
324.000, 351.566, 103.731, 55.9512, 26.3225, 32.2445, 198.376, 254.741, 238.849, 260.603, 389.975, 334.997, 308.845,
325.000, 348.752, 102.689, 55.8173, 25.8010, 31.8785, 196.739, 252.172, 237.955, 259.877, 390.050, 335.008, 308.837,
326.000, 343.661, 100.385, 55.6681, 25.5412, 32.3122, 194.832, 248.587, 238.852, 261.360, 394.630, 337.966, 311.878,
327.000, 337.829, 99.3564, 57.1020, 27.0278, 33.9277, 192.315, 243.604, 239.946, 262.787, 399.427, 341.542, 315.719,
328.000, 332.852, 98.2900, 56.4131, 26.4875, 33.5630, 187.906, 238.944, 240.549, 264.378, 404.188, 346.254, 319.996,
329.000, 329.830, 95.1424, 53.9019, 24.4672, 30.8503, 185.575, 235.060, 242.934, 266.288, 407.999, 350.035, 324.477,
330.000, 329.506, 92.3558, 51.9196, 23.0700, 28.7735, 185.701, 233.453, 245.132, 267.751, 410.485, 352.584, 328.009,
331.000, 331.909, 92.1838, 50.6575, 21.7294, 27.0966, 186.245, 234.848, 245.593, 267.589, 409.890, 352.070, 327.699,
332.000, 336.596, 95.1083, 51.6356, 22.4472, 27.9708, 189.274, 240.258, 244.407, 266.353, 405.661, 347.637, 322.362,
333.000, 342.374, 99.7693, 55.3073, 25.7241, 32.0394, 193.984, 247.202, 242.126, 263.971, 400.317, 342.843, 316.467,
334.000, 347.712, 104.243, 58.6561, 29.1950, 35.9228, 198.288, 253.215, 239.681, 262.022, 394.812, 337.989, 311.553,
335.000, 351.139, 105.712, 58.2134, 28.4314, 34.9945, 198.192, 255.056, 238.409, 260.650, 390.827, 336.110, 309.541,
336.000, 351.505, 103.327, 56.0699, 26.6877, 32.5462, 198.632, 254.336, 238.798, 260.748, 390.773, 335.472, 309.429,
337.000, 348.712, 100.860, 54.9483, 25.8112, 31.6985, 198.337, 252.507, 239.264, 261.019, 392.284, 336.257, 310.664,
338.000, 343.649, 100.538, 55.6516, 25.7195, 32.4372, 194.271, 248.186, 238.540, 261.053, 394.555, 338.748, 312.644,
339.000, 337.806, 99.9666, 56.9357, 26.9140, 34.0659, 191.158, 243.538, 239.447, 262.592, 398.922, 342.296, 316.217,
340.000, 332.786, 98.2678, 55.6506, 26.3521, 33.4467, 187.823, 239.687, 240.931, 264.637, 404.113, 346.752, 320.374,
341.000, 329.811, 95.2695, 53.1132, 24.3037, 30.7149, 185.368, 235.812, 243.121, 266.271, 407.597, 350.014, 324.602,
342.000, 329.485, 92.5128, 51.2556, 22.7753, 28.3897, 185.481, 234.031, 245.647, 268.070, 410.021, 352.040, 327.613,
343.000, 331.927, 91.9236, 50.1223, 21.3675, 26.6985, 186.021, 234.926, 245.399, 267.072, 408.830, 351.093, 326.682,
344.000, 336.565, 95.4230, 51.3474, 21.9809, 27.5811, 187.101, 238.975, 243.399, 265.597, 404.929, 347.538, 321.625,
345.000, 342.342, 99.5178, 55.0454, 25.7056, 31.8645, 193.679, 246.808, 241.553, 263.639, 399.515, 341.897, 315.373,
346.000, 347.723, 104.377, 58.3366, 29.2164, 35.8940, 198.438, 253.893, 239.201, 261.332, 393.452, 336.665, 309.514,
347.000, 351.144, 104.941, 58.5378, 29.3425, 36.0840, 200.711, 256.501, 237.526, 259.969, 389.679, 333.492, 306.827,
348.000, 351.528, 103.906, 56.5187, 27.2702, 33.2315, 199.400, 255.292, 237.731, 259.941, 388.928, 333.275, 307.309,
349.000, 348.714, 101.672, 55.6147, 25.9019, 31.9120, 198.034, 252.427, 237.691, 259.856, 389.978, 333.811, 308.436,
350.000, 343.625, 100.547, 55.8808, 25.6278, 32.5310, 194.670, 248.518, 238.186, 260.744, 393.722, 337.181, 310.872,
351.000, 337.816, 100.077, 56.9929, 26.8287, 34.2686, 190.946, 243.616, 238.439, 261.904, 398.047, 340.847, 314.486,
352.000, 332.796, 98.1101, 56.4138, 26.8321, 33.9678, 188.476, 239.318, 240.452, 264.115, 403.260, 344.805, 318.887,
353.000, 329.791, 95.4857, 53.6665, 24.5116, 31.0675, 185.041, 235.249, 242.106, 266.018, 407.879, 349.883, 324.257,
354.000, 329.473, 93.2735, 52.1688, 23.1462, 28.8509, 184.694, 233.134, 244.173, 267.176, 409.908, 352.259, 327.620,
355.000, 331.905, 92.2599, 50.4777, 21.6120, 27.0033, 186.598, 235.405, 244.964, 267.313, 409.262, 351.446, 327.077,
356.000, 336.555, 95.2263, 51.1146, 22.0454, 27.6072, 188.814, 240.521, 243.524, 265.865, 405.850, 348.319, 322.870,
357.000, 342.337, 99.1673, 54.6971, 25.4682, 31.5673, 194.694, 247.591, 241.595, 263.772, 400.943, 343.028, 316.892,
358.000, 347.723, 104.991, 58.4810, 29.1605, 36.0239, 197.908, 253.986, 238.861, 261.242, 393.285, 336.674, 309.607,
359.000, 351.134, 105.869, 58.5033, 28.8670, 35.6594, 199.179, 255.998, 237.424, 260.116, 389.509, 333.769, 307.435,
360.000, 351.500, 104.063, 56.7993, 27.1174, 33.1722, 199.211, 255.112, 238.191, 259.909, 388.533, 333.234, 307.220,
361.000, 348.700, 101.798, 54.9841, 25.6759, 31.5923, 197.489, 252.663, 238.137, 260.154, 390.620, 334.836, 309.093,
362.000, 343.627, 100.919, 55.8971, 25.6092, 32.4304, 193.991, 248.177, 238.301, 260.654, 393.798, 337.913, 311.472,
363.000, 337.797, 100.153, 56.8090, 26.3105, 33.5242, 190.320, 243.052, 238.726, 262.035, 399.206, 342.475, 315.978,
364.000, 332.796, 97.9669, 56.1382, 26.2376, 33.3782, 187.854, 238.913, 240.490, 264.095, 404.139, 346.555, 320.620,
365.000, 329.796, 94.7430, 53.8284, 24.9253, 31.3107, 186.415, 235.498, 242.534, 265.943, 408.400, 350.255, 325.393,
366.000, 329.474, 92.6532, 52.2703, 23.3524, 29.1015, 185.539, 233.352, 244.771, 267.181, 410.335, 352.120, 327.948,
367.000, 331.906, 92.7213, 50.7495, 21.7674, 27.1999, 186.104, 235.252, 245.000, 267.051, 409.223, 351.256, 326.906,
368.000, 336.561, 95.2333, 51.5229, 22.5042, 27.9679, 189.156, 240.373, 244.039, 265.833, 405.364, 347.801, 322.603,
369.000, 342.341, 99.7459, 55.2991, 26.2448, 32.2979, 194.738, 247.606, 241.132, 263.356, 400.232, 342.640, 316.664,
370.000, 347.743, 104.336, 58.9014, 29.6196, 36.2438, 198.415, 253.071, 239.567, 261.859, 395.346, 339.377, 312.854,
371.000, 351.156, 105.380, 58.5827, 29.0329, 35.7015, 199.152, 255.356, 238.665, 260.852, 391.752, 337.059, 310.299,
372.000, 351.535, 104.871, 56.6309, 27.0002, 33.1379, 197.575, 254.581, 237.893, 260.280, 390.178, 336.077, 309.782,
373.000, 348.760, 102.333, 55.1598, 25.8853, 31.9044, 196.863, 252.468, 237.749, 260.150, 391.301, 336.489, 310.742,
374.000, 343.672, 100.499, 55.4365, 25.7663, 32.5213, 194.439, 248.491, 238.216, 261.135, 394.912, 338.970, 313.102,
375.000, 337.855, 99.6544, 56.7008, 26.9059, 33.8749, 191.389, 243.410, 239.237, 262.694, 399.991, 342.979, 317.357,
376.000, 332.829, 98.4698, 56.0223, 26.5149, 33.6679, 187.538, 239.267, 240.774, 264.496, 404.536, 347.508, 321.573,
377.000, 329.824, 95.0526, 53.3842, 24.4927, 30.9391, 185.363, 235.378, 243.936, 266.839, 408.608, 350.805, 325.789,
378.000, 329.533, 92.7900, 51.7470, 23.0410, 28.7494, 184.687, 233.114, 245.150, 267.322, 409.795, 352.482, 328.328,
379.000, 331.960, 91.9913, 50.4206, 21.5150, 26.8745, 185.044, 233.754, 245.104, 266.937, 409.609, 352.376, 328.252,
380.000, 336.616, 95.4898, 51.3832, 22.0125, 27.5783, 186.748, 238.655, 243.544, 265.578, 405.181, 348.287, 322.456,
381.000, 342.373, 99.7693, 55.1230, 25.9049, 31.9742, 193.620, 246.757, 241.407, 263.632, 400.110, 342.517, 316.388,
382.000, 347.780, 104.982, 58.9159, 29.5516, 36.3160, 198.136, 253.575, 238.676, 261.347, 393.689, 337.205, 310.403,
383.000, 351.182, 105.644, 58.5753, 28.9785, 35.8068, 199.577, 256.138, 237.932, 260.441, 389.868, 334.178, 307.532,
384.000, 351.552, 103.240, 56.6432, 26.9333, 32.8980, 199.730, 254.832, 238.212, 259.771, 388.408, 332.752, 306.986,
385.000, 348.754, 101.659, 55.3783, 25.5800, 31.5991, 197.608, 252.203, 237.454, 259.879, 390.292, 334.456, 308.955,
386.000, 343.690, 100.933, 55.8883, 25.4557, 32.2137, 193.625, 247.718, 237.830, 260.502, 393.970, 338.446, 312.310,
387.000, 337.944, 99.4275, 56.6608, 26.9278, 34.0167, 192.220, 244.175, 239.024, 262.314, 398.997, 341.765, 315.907,
388.000, 332.917, 98.2835, 56.1261, 26.7405, 33.8221, 188.308, 239.584, 240.206, 263.926, 403.307, 345.510, 319.501,
389.000, 329.905, 96.1356, 53.5662, 24.5859, 31.0437, 184.794, 235.733, 242.582, 266.125, 407.600, 349.694, 324.173,
390.000, 329.574, 92.4585, 51.6907, 23.1155, 28.7814, 185.715, 233.820, 244.688, 267.205, 409.607, 351.474, 327.330,
391.000, 331.993, 92.0605, 50.3955, 21.7110, 27.0220, 186.592, 235.288, 244.855, 266.884, 408.789, 351.000, 327.089,
392.000, 336.659, 94.8582, 51.3006, 22.3408, 27.8106, 189.421, 240.462, 243.727, 265.758, 405.158, 347.007, 321.875,
393.000, 342.478, 100.112, 55.2511, 25.8647, 32.1466, 194.124, 247.650, 241.051, 263.566, 399.494, 341.537, 315.091,
394.000, 347.903, 104.331, 59.0035, 29.5408, 36.3470, 198.967, 253.616, 238.635, 261.253, 393.606, 336.755, 310.283,
395.000, 351.352, 106.272, 59.3245, 29.6014, 36.4616, 199.439, 255.952, 238.292, 260.568, 389.912, 334.365, 307.811,
396.000, 351.674, 104.178, 57.2698, 27.4982, 33.6253, 199.228, 254.853, 238.153, 259.775, 388.680, 333.216, 307.332,
397.000, 348.858, 101.428, 55.5773, 26.1846, 32.2844, 198.513, 252.860, 238.195, 259.795, 390.271, 334.002, 308.348,
398.000, 343.736, 100.717, 55.9413, 25.9568, 32.7982, 194.669, 248.540, 237.660, 260.531, 393.823, 337.122, 310.943,
399.000, 337.932, 98.6640, 56.7268, 27.0489, 34.0683, 192.843, 243.830, 239.113, 262.304, 399.115, 340.976, 315.293,
400.000, 332.891, 98.3628, 56.6323, 26.9547, 33.8297, 188.038, 238.708, 240.853, 264.178, 404.036, 345.791, 320.244,
401.000, 329.923, 94.9074, 53.5179, 24.4834, 30.7829, 185.161, 234.732, 243.853, 266.924, 408.851, 350.500, 325.129,
402.000, 329.553, 92.5430, 51.5726, 22.9020, 28.3785, 184.293, 232.544, 245.979, 268.142, 410.760, 352.640, 328.347,
403.000, 332.074, 90.9985, 50.2039, 21.4159, 26.5909, 187.075, 234.713, 245.637, 267.522, 410.042, 351.414, 327.419,
404.000, 336.761, 94.5698, 51.0993, 22.0476, 27.6236, 189.161, 240.179, 244.243, 266.309, 406.048, 348.097, 322.668,
405.000, 342.494, 99.0374, 54.8013, 25.6881, 31.9604, 194.607, 247.501, 242.009, 264.015, 401.213, 343.438, 316.989,
406.000, 347.879, 103.597, 58.2505, 29.1812, 35.9849, 198.977, 253.732, 239.388, 261.644, 395.153, 338.473, 311.934,
407.000, 351.290, 104.473, 58.2174, 28.9998, 35.6300, 200.742, 256.262, 238.223, 260.658, 391.455, 335.343, 308.834,
408.000, 351.640, 104.448, 56.5940, 27.0647, 33.3072, 198.577, 255.226, 238.270, 260.462, 389.794, 334.654, 308.505,
409.000, 348.847, 101.842, 55.1339, 25.5804, 31.7638, 196.784, 252.091, 238.732, 260.757, 392.164, 337.351, 311.223,
410.000, 343.783, 100.319, 55.8252, 25.7670, 32.6552, 194.791, 248.483, 238.689, 261.078, 394.501, 338.298, 311.896,
411.000, 337.923, 99.2725, 56.6418, 27.1083, 34.2054, 192.124, 243.930, 238.843, 262.380, 399.969, 342.532, 316.779,
412.000, 332.963, 97.7916, 55.9761, 26.6580, 33.9057, 188.472, 239.654, 241.441, 264.674, 404.665, 347.072, 320.828,
413.000, 329.955, 94.9064, 53.6263, 24.7327, 31.1447, 185.859, 235.394, 243.616, 266.401, 407.724, 349.509, 324.412,
414.000, 329.650, 92.1669, 51.5478, 23.0079, 28.6405, 185.264, 233.181, 245.260, 267.840, 411.203, 352.909, 328.725,
415.000, 332.096, 91.9970, 50.3612, 21.5992, 26.9767, 186.096, 234.782, 245.376, 267.534, 410.767, 353.296, 328.897,
416.000, 336.743, 94.7627, 51.2501, 22.2357, 27.9199, 189.184, 240.458, 244.752, 266.325, 406.603, 349.134, 323.599,
417.000, 342.459, 99.8195, 55.0667, 25.7207, 32.2247, 193.997, 247.717, 241.614, 263.669, 400.598, 343.096, 316.549,
418.000, 347.852, 104.369, 58.7317, 29.5289, 36.3609, 198.518, 253.538, 238.810, 261.658, 395.247, 338.565, 311.974,
419.000, 351.337, 105.618, 58.8445, 29.4238, 36.3031, 199.631, 255.999, 238.752, 261.045, 391.369, 335.794, 309.258,
420.000, 351.658, 103.747, 56.8162, 27.5014, 33.6569, 199.322, 254.974, 238.448, 260.244, 390.060, 334.703, 308.986,
421.000, 348.793, 101.825, 55.8441, 26.0798, 32.1284, 197.373, 251.806, 238.752, 260.321, 391.383, 336.049, 309.980,
422.000, 343.893, 100.715, 56.1314, 26.0106, 32.9622, 194.208, 248.144, 238.841, 260.923, 394.943, 338.973, 312.431,
423.000, 338.000, 99.7536, 57.1627, 26.9757, 34.2169, 191.045, 243.067, 239.056, 262.128, 399.926, 343.058, 317.058,
424.000, 332.953, 97.8951, 55.9798, 26.6713, 33.7978, 188.426, 239.522, 241.429, 264.685, 404.752, 346.858, 321.089,
425.000, 329.930, 94.7685, 53.3579, 24.6832, 31.0275, 186.002, 235.579, 243.270, 266.544, 409.122, 350.985, 325.839,
426.000, 329.625, 92.5115, 51.7876, 22.9458, 28.6110, 184.483, 232.581, 245.378, 267.780, 411.234, 353.730, 329.258,
427.000, 332.106, 91.5562, 50.5624, 21.5943, 26.9415, 186.159, 234.129, 245.686, 267.710, 411.058, 353.445, 329.697,
428.000, 336.762, 94.6168, 51.2476, 22.1824, 27.8285, 188.993, 239.961, 244.581, 266.517, 407.433, 350.183, 325.005,
429.000, 342.461, 99.1173, 54.6877, 25.5644, 31.9697, 194.219, 247.439, 242.498, 264.357, 402.160, 345.050, 318.767,
430.000, 347.952, 102.573, 58.2797, 29.3681, 35.9771, 200.109, 253.467, 239.711, 261.828, 395.713, 338.807, 312.790,
431.000, 351.346, 104.923, 58.8422, 29.3177, 36.0067, 200.215, 255.590, 237.970, 260.277, 391.273, 335.745, 309.857,
