month, rsut4co2, rsutcs4co2, rsus4co2, rsuscs4co2, rsds4co2, rsdscs4co2, rlut4co2, rlutcs4co2, rlus4co2, rlds4co2, rldscs4co2,
0.00000, 103.744, 56.1914, 26.8807, 32.8858, 198.505, 254.507, 233.684, 255.184, 387.110, 334.329, 309.494,
1.00000, 102.262, 55.7997, 26.1246, 32.2223, 197.026, 251.966, 234.109, 255.152, 387.931, 334.532, 309.916,
2.00000, 101.070, 55.7250, 26.2740, 32.9787, 194.609, 248.847, 233.823, 255.920, 391.914, 337.321, 312.654,
3.00000, 99.5516, 56.4139, 26.8194, 33.9050, 191.803, 244.103, 235.242, 257.657, 397.438, 341.795, 316.906,
4.00000, 98.5620, 56.3845, 27.0170, 34.1859, 188.422, 239.733, 236.088, 259.398, 401.984, 345.701, 321.217,
5.00000, 95.9302, 54.1246, 24.8798, 31.5781, 185.245, 235.598, 239.161, 261.584, 406.343, 350.019, 325.908,
6.00000, 93.5983, 52.4812, 23.3628, 29.2701, 184.779, 233.433, 240.224, 261.784, 407.180, 351.289, 328.203,
7.00000, 93.1367, 50.8309, 21.7355, 27.3246, 185.634, 235.216, 240.704, 262.111, 407.323, 351.941, 328.383,
8.00000, 95.2718, 51.0318, 22.1192, 27.7784, 189.069, 240.935, 239.054, 260.728, 403.920, 347.963, 323.638,
9.00000, 99.5169, 54.0432, 25.2485, 31.4330, 193.922, 247.903, 236.740, 258.532, 398.615, 343.096, 318.039,
10.0000, 103.309, 57.2332, 28.7609, 35.1809, 198.726, 253.705, 234.794, 256.551, 392.259, 337.646, 312.607,
11.0000, 104.458, 57.0464, 27.9175, 34.1683, 198.793, 255.072, 234.113, 255.756, 389.478, 336.328, 311.156,
12.0000, 103.367, 55.9549, 26.6208, 32.6199, 198.683, 254.556, 234.548, 255.938, 388.314, 335.300, 310.471,
13.0000, 102.288, 55.5230, 25.8201, 31.8414, 196.528, 251.715, 234.077, 255.349, 388.821, 335.560, 311.132,
14.0000, 100.428, 55.4693, 25.7588, 32.5593, 194.526, 248.524, 234.776, 256.565, 393.279, 339.068, 314.275,
15.0000, 100.025, 57.1072, 27.3048, 34.4811, 191.374, 243.541, 235.564, 258.204, 398.479, 343.480, 318.899,
16.0000, 98.3012, 56.5676, 26.8172, 33.9434, 187.768, 238.648, 236.792, 259.541, 403.137, 347.819, 323.380,
17.0000, 95.7091, 54.1153, 24.8600, 31.4620, 185.468, 235.518, 239.082, 261.385, 406.356, 350.200, 326.147,
18.0000, 93.6411, 52.4255, 23.3008, 29.2687, 184.806, 233.649, 240.784, 262.598, 408.108, 351.821, 328.379,
19.0000, 94.2833, 51.1043, 21.7458, 27.4094, 184.547, 235.133, 240.539, 262.306, 407.571, 352.316, 328.419,
20.0000, 95.7987, 51.6585, 22.5020, 28.0284, 189.010, 240.676, 240.066, 261.331, 403.404, 347.390, 323.344,
21.0000, 100.885, 54.7447, 25.6894, 31.9274, 193.076, 247.843, 236.799, 258.656, 397.674, 342.461, 317.251,
22.0000, 103.381, 57.6269, 29.1149, 35.3885, 198.924, 253.478, 235.560, 257.071, 392.508, 337.554, 312.714,
23.0000, 104.611, 57.3503, 28.3436, 34.7233, 199.375, 255.691, 234.734, 256.028, 388.436, 335.197, 309.987,
24.0000, 103.533, 56.1081, 26.8382, 32.6063, 198.813, 254.581, 234.459, 255.565, 387.946, 334.649, 309.836,
25.0000, 101.202, 54.9301, 25.5994, 31.5675, 197.621, 252.222, 234.504, 255.541, 389.338, 335.741, 311.298,
26.0000, 100.690, 55.4324, 25.6141, 32.0858, 194.051, 247.966, 234.545, 256.505, 392.927, 338.772, 314.402,
27.0000, 99.2224, 56.3425, 26.5807, 33.5102, 191.811, 243.653, 235.182, 257.745, 397.877, 342.603, 318.197,
28.0000, 98.2274, 56.2011, 26.7298, 33.7153, 188.302, 239.248, 236.411, 259.629, 402.956, 347.031, 322.298,
29.0000, 96.1410, 53.9973, 24.8029, 31.3108, 184.998, 235.412, 238.477, 261.434, 406.760, 350.730, 326.576,
30.0000, 94.1014, 52.4309, 23.0563, 29.0465, 183.726, 233.088, 240.270, 262.252, 408.315, 352.683, 329.295,
31.0000, 94.5044, 50.9556, 21.5608, 27.3204, 184.381, 235.486, 239.536, 261.591, 406.847, 351.517, 327.304,
32.0000, 96.0418, 51.2871, 22.2185, 27.9920, 188.795, 241.341, 239.226, 260.949, 403.055, 347.227, 322.485,
33.0000, 99.3759, 54.5718, 25.7024, 31.8141, 194.798, 247.997, 237.213, 258.834, 398.018, 342.180, 317.347,
34.0000, 104.449, 57.8745, 28.8472, 35.4372, 197.771, 253.548, 234.871, 256.756, 392.286, 337.814, 312.033,
35.0000, 105.182, 57.8796, 28.5350, 34.9867, 199.058, 255.446, 234.145, 255.989, 389.006, 335.683, 310.302,
36.0000, 104.880, 56.5784, 26.9816, 32.9894, 197.256, 254.264, 234.952, 255.716, 386.750, 334.423, 309.685,
37.0000, 102.571, 55.0790, 25.6268, 31.6404, 195.751, 251.745, 234.760, 255.903, 388.872, 335.964, 311.194,
38.0000, 100.239, 55.6837, 25.8233, 32.4977, 194.554, 248.032, 235.039, 256.441, 392.392, 337.881, 313.346,
39.0000, 101.178, 58.1879, 27.3740, 34.4913, 190.162, 242.491, 235.639, 257.597, 396.816, 342.458, 317.773,
40.0000, 99.5427, 57.4227, 27.1900, 34.2783, 187.505, 238.823, 237.358, 259.854, 402.585, 346.628, 321.878,
41.0000, 97.1629, 54.8357, 24.6730, 31.3208, 183.549, 234.488, 238.970, 261.320, 406.416, 351.055, 326.622,
42.0000, 95.1130, 53.3149, 23.0572, 28.9980, 182.769, 232.264, 240.187, 262.110, 408.046, 353.248, 329.419,
43.0000, 94.7730, 52.0005, 21.6908, 27.2686, 183.947, 234.136, 240.171, 261.712, 406.804, 351.583, 327.735,
44.0000, 96.2217, 52.4379, 22.1740, 27.7101, 187.920, 239.354, 239.102, 260.379, 403.475, 347.689, 323.088,
45.0000, 100.864, 55.6124, 25.3572, 31.4129, 192.766, 246.510, 236.527, 258.199, 397.984, 342.343, 317.093,
46.0000, 105.073, 59.1287, 28.7078, 34.8278, 197.002, 251.703, 234.465, 256.220, 392.150, 338.166, 313.098,
47.0000, 105.234, 59.2318, 27.9475, 33.8968, 198.624, 253.246, 234.436, 255.873, 390.023, 336.486, 311.811,
48.0000, 106.019, 58.4541, 26.3520, 32.1257, 195.574, 251.676, 234.438, 255.542, 389.493, 337.541, 312.600,
49.0000, 103.010, 56.8062, 25.3788, 31.1979, 195.595, 250.060, 234.847, 255.931, 390.904, 338.119, 313.811,
50.0000, 101.810, 57.8193, 25.7382, 32.1212, 193.369, 246.055, 236.172, 257.373, 394.026, 340.157, 315.820,
51.0000, 101.426, 58.9046, 26.5975, 33.4766, 189.551, 241.225, 235.963, 257.712, 398.388, 344.194, 319.406,
52.0000, 99.6280, 58.4196, 26.6898, 33.8013, 187.148, 237.601, 236.372, 258.909, 402.422, 347.300, 322.499,
53.0000, 97.5674, 56.4602, 24.7808, 31.1549, 183.970, 233.381, 237.887, 260.550, 406.790, 351.067, 326.731,
54.0000, 96.0842, 54.4039, 22.9762, 28.9004, 182.652, 232.109, 239.808, 261.778, 408.227, 352.587, 328.338,
55.0000, 94.3860, 52.3604, 21.5671, 27.0944, 184.932, 234.271, 240.331, 261.525, 407.344, 351.673, 327.956,
56.0000, 97.1503, 52.6769, 22.0127, 27.6420, 187.610, 239.787, 238.704, 260.450, 403.773, 348.270, 323.539,
57.0000, 100.186, 55.6205, 25.3838, 31.3011, 193.957, 246.798, 237.091, 258.564, 398.264, 342.367, 317.606,
58.0000, 104.102, 58.4307, 28.4712, 34.8201, 197.932, 252.548, 235.066, 256.481, 392.141, 337.454, 312.661,
59.0000, 105.335, 58.2335, 28.0628, 34.2266, 198.298, 254.286, 234.597, 255.926, 389.906, 336.798, 311.596,
60.0000, 104.454, 56.8143, 26.5691, 32.2822, 197.525, 253.523, 234.897, 255.680, 388.055, 335.008, 310.441,
61.0000, 102.293, 55.5277, 25.2832, 31.1319, 196.136, 251.206, 234.885, 255.855, 390.003, 336.593, 312.166,
62.0000, 101.060, 55.9595, 25.3306, 31.9749, 193.242, 247.342, 234.767, 256.420, 393.339, 339.758, 314.895,
63.0000, 99.7516, 57.7632, 26.6387, 33.4120, 190.913, 241.751, 235.879, 257.765, 397.930, 342.786, 318.684,
64.0000, 98.9878, 56.8782, 26.6736, 33.7117, 187.494, 238.789, 237.086, 259.380, 402.294, 346.430, 321.762,
65.0000, 95.8089, 54.4949, 24.6590, 31.1166, 185.461, 235.077, 238.519, 260.810, 405.843, 349.087, 325.274,
66.0000, 93.6508, 52.8900, 23.0327, 28.9286, 184.697, 232.961, 240.168, 261.896, 407.914, 351.493, 328.370,
67.0000, 93.1048, 51.7424, 21.8074, 27.1728, 186.011, 234.355, 240.324, 261.688, 407.227, 351.186, 328.158,
68.0000, 95.2428, 51.8520, 22.1378, 27.5694, 189.253, 239.965, 239.334, 260.721, 403.817, 347.470, 323.692,
69.0000, 100.357, 54.9869, 25.3094, 31.3874, 193.390, 247.197, 237.063, 258.727, 398.182, 342.684, 317.598,
70.0000, 103.474, 58.1952, 28.8155, 35.3103, 198.849, 253.143, 234.967, 256.506, 392.649, 337.452, 312.560,
71.0000, 104.306, 58.2064, 28.4428, 34.7193, 200.207, 255.104, 234.333, 255.611, 388.125, 333.883, 309.236,
72.0000, 103.825, 56.6388, 26.5538, 32.3085, 198.494, 253.918, 233.650, 254.902, 386.634, 333.338, 308.952,
73.0000, 101.767, 55.2782, 25.4580, 31.3790, 196.908, 251.664, 233.941, 255.178, 389.093, 335.493, 311.220,
74.0000, 101.110, 55.7599, 25.6629, 32.4069, 193.517, 247.888, 234.296, 255.994, 392.332, 338.492, 313.769,
75.0000, 100.203, 57.4637, 27.1833, 34.0496, 191.343, 243.058, 235.727, 257.618, 397.000, 341.488, 316.884,
76.0000, 99.3698, 57.6333, 27.2451, 34.3415, 187.589, 238.384, 236.471, 259.188, 401.725, 345.843, 321.477,
77.0000, 96.2020, 54.2285, 24.6540, 31.3032, 184.851, 235.324, 238.924, 261.289, 405.972, 349.630, 325.423,
78.0000, 93.4407, 52.2634, 22.9275, 28.8772, 184.771, 233.524, 240.380, 262.016, 407.710, 351.436, 327.972,
79.0000, 94.3457, 51.0086, 21.6931, 27.3064, 184.694, 235.356, 239.561, 261.408, 406.283, 350.613, 326.692,
80.0000, 96.2872, 51.3555, 22.1715, 27.9082, 188.211, 240.900, 238.656, 260.229, 402.881, 347.469, 322.716,
81.0000, 100.648, 54.6168, 25.4584, 31.8668, 193.333, 248.125, 236.311, 258.218, 397.273, 342.123, 316.589,
82.0000, 103.586, 58.1691, 29.1896, 35.7813, 199.290, 253.776, 235.239, 256.598, 391.691, 336.554, 311.724,
83.0000, 105.366, 58.2297, 28.9354, 35.3657, 199.423, 255.675, 234.985, 255.919, 388.482, 334.861, 309.784,
84.0000, 103.618, 56.3968, 26.8677, 32.8077, 198.921, 254.624, 234.134, 255.136, 387.815, 334.500, 309.831,
85.0000, 102.000, 55.2480, 25.6738, 31.6976, 196.951, 252.064, 234.163, 255.365, 388.954, 335.310, 311.058,
86.0000, 101.540, 56.4826, 25.4922, 32.3840, 192.842, 247.062, 234.510, 256.055, 392.456, 338.945, 313.911,
87.0000, 99.9706, 56.8418, 26.7580, 33.7368, 190.866, 243.099, 234.972, 257.150, 397.555, 342.610, 317.919,
88.0000, 99.1253, 56.6323, 26.7112, 34.0293, 187.149, 238.947, 236.061, 259.102, 402.142, 347.053, 322.122,
89.0000, 96.8814, 54.3475, 24.8395, 31.4861, 184.324, 235.413, 238.444, 260.858, 405.507, 350.070, 325.597,
90.0000, 93.8240, 52.3901, 23.2451, 29.2203, 184.561, 233.673, 240.276, 261.967, 407.914, 351.708, 328.163,
91.0000, 93.1740, 51.1394, 21.8928, 27.3526, 186.014, 235.126, 240.231, 261.973, 407.332, 350.976, 327.662,
92.0000, 95.6516, 51.4680, 22.2346, 27.7405, 188.722, 240.360, 238.974, 260.560, 403.593, 347.610, 323.562,
93.0000, 99.8569, 54.5631, 25.1069, 31.2293, 193.313, 247.043, 236.716, 258.436, 398.324, 343.082, 318.083,
94.0000, 104.016, 57.2300, 28.2533, 34.8278, 197.283, 253.189, 234.504, 256.487, 392.269, 338.484, 313.241,
95.0000, 104.624, 57.4000, 28.2820, 34.7114, 199.039, 255.362, 234.409, 255.783, 388.872, 335.908, 310.473,
96.0000, 104.204, 56.4533, 27.1788, 33.0248, 198.271, 254.375, 233.368, 254.974, 387.590, 334.800, 310.074,
97.0000, 102.603, 55.4859, 26.0423, 32.0944, 196.391, 251.959, 234.518, 255.741, 389.411, 336.290, 311.883,
98.0000, 101.529, 56.0653, 26.3200, 33.0771, 193.841, 248.339, 235.331, 256.894, 393.163, 339.360, 314.573,
99.0000, 99.5394, 56.6649, 26.5922, 33.4265, 190.946, 242.689, 236.498, 258.522, 399.263, 344.760, 320.474,
100.000, 97.7143, 56.1869, 26.5410, 33.7717, 188.005, 238.766, 236.785, 259.082, 403.086, 348.410, 323.893,
101.000, 95.8314, 53.9109, 24.8153, 31.5484, 185.093, 235.558, 238.380, 261.081, 406.928, 351.787, 327.393,
102.000, 94.2228, 52.5517, 23.2133, 29.1256, 183.617, 232.873, 240.005, 261.886, 408.877, 354.104, 330.298,
103.000, 94.0751, 50.8071, 21.5773, 27.1937, 184.189, 234.834, 240.703, 262.317, 408.362, 353.401, 329.253,
104.000, 96.0958, 51.2362, 22.1363, 27.7007, 187.404, 239.847, 239.562, 261.080, 405.370, 350.382, 325.988,
105.000, 100.240, 54.4691, 25.1205, 31.3653, 192.543, 246.919, 237.216, 258.877, 399.348, 344.866, 319.672,
106.000, 103.751, 57.5665, 28.6074, 35.0552, 197.632, 252.795, 235.757, 257.272, 394.450, 340.742, 315.421,
107.000, 104.558, 57.3878, 28.2003, 34.7388, 198.820, 255.229, 234.990, 256.014, 390.051, 337.269, 312.229,
108.000, 103.169, 55.7485, 26.7324, 32.6102, 198.502, 254.309, 234.969, 255.893, 388.953, 336.462, 312.369,
109.000, 102.450, 54.9862, 25.6274, 31.5649, 195.599, 251.493, 235.920, 256.569, 391.382, 339.094, 314.788,
110.000, 100.512, 55.5935, 25.6402, 32.3102, 193.806, 247.649, 235.544, 256.843, 394.230, 340.858, 316.292,
111.000, 100.075, 56.9015, 26.6993, 33.7148, 190.501, 242.792, 235.716, 257.768, 399.084, 344.604, 319.976,
112.000, 98.3192, 55.8104, 26.5724, 33.4931, 187.795, 239.249, 237.573, 260.090, 403.973, 348.435, 323.820,
113.000, 95.3187, 53.6231, 24.5760, 30.9757, 185.179, 235.113, 239.644, 261.636, 407.429, 351.682, 327.778,
114.000, 93.4392, 52.2268, 23.0512, 28.8554, 183.909, 232.547, 241.147, 262.590, 408.938, 353.967, 330.693,
115.000, 92.8700, 50.6914, 21.6883, 27.1969, 185.227, 234.612, 241.373, 262.378, 408.668, 353.372, 330.183,
116.000, 95.1281, 51.2334, 22.1647, 27.7013, 188.717, 240.104, 239.849, 260.973, 404.443, 349.097, 325.192,
117.000, 99.5648, 54.2944, 25.5209, 31.7424, 194.105, 247.937, 237.136, 258.456, 398.100, 342.676, 317.722,
118.000, 103.634, 57.5502, 29.1045, 35.5050, 198.726, 253.689, 234.963, 256.461, 391.915, 337.401, 312.455,
119.000, 105.287, 57.7409, 28.6564, 35.1082, 198.923, 255.582, 234.259, 255.555, 387.866, 334.582, 309.543,
120.000, 102.975, 55.9919, 26.8555, 32.6333, 199.419, 254.658, 234.550, 255.113, 386.541, 332.981, 309.123,
121.000, 102.137, 55.5975, 25.7176, 31.6038, 196.478, 251.254, 235.056, 255.869, 389.323, 336.130, 311.898,
122.000, 100.395, 55.5827, 25.6752, 32.5129, 194.239, 248.117, 234.439, 255.873, 392.807, 338.775, 314.026,
123.000, 99.8519, 57.0890, 27.0433, 34.1853, 191.612, 243.613, 235.528, 257.555, 397.576, 341.895, 317.341,
124.000, 98.4572, 56.5402, 26.9305, 34.0232, 188.257, 239.286, 236.935, 259.217, 402.418, 346.480, 321.825,
125.000, 95.9286, 54.2491, 24.7159, 31.2421, 184.786, 234.810, 238.303, 260.814, 406.253, 350.387, 326.468,
126.000, 93.3537, 52.1742, 23.2008, 29.0866, 184.915, 233.602, 240.904, 262.440, 408.692, 352.433, 329.358,
127.000, 92.3741, 50.6455, 21.8054, 27.2829, 186.452, 235.249, 240.591, 261.924, 407.982, 351.837, 328.889,
128.000, 95.1399, 51.0227, 22.1473, 27.6971, 188.981, 240.558, 239.553, 260.881, 404.448, 348.590, 324.757,
129.000, 99.8576, 54.2828, 25.4810, 31.5861, 193.904, 247.895, 237.059, 258.622, 398.590, 343.119, 318.415,
130.000, 103.819, 57.3281, 28.5938, 35.1083, 197.885, 253.452, 235.114, 256.747, 393.438, 339.270, 314.256,
131.000, 105.549, 57.7005, 28.2324, 34.8540, 198.228, 255.338, 233.495, 255.085, 387.860, 335.243, 310.086,
132.000, 104.430, 56.3357, 26.9921, 32.9360, 197.922, 254.474, 233.898, 255.310, 387.943, 335.548, 310.858,
133.000, 101.468, 55.1082, 25.8791, 31.6908, 197.440, 251.914, 234.122, 255.215, 389.980, 336.756, 312.717,
134.000, 100.312, 55.5526, 25.3435, 31.9881, 193.884, 247.471, 235.018, 256.477, 393.784, 340.109, 315.619,
135.000, 100.144, 56.8901, 26.7433, 33.8623, 190.556, 242.962, 234.908, 257.471, 398.849, 344.309, 319.897,
136.000, 98.7724, 56.0920, 26.3381, 33.5952, 186.851, 238.863, 236.667, 259.521, 403.418, 348.510, 323.528,
137.000, 95.4602, 53.3141, 24.3830, 30.8751, 185.133, 235.590, 239.104, 261.385, 407.033, 351.303, 327.485,
138.000, 93.3604, 51.7181, 22.8594, 28.6416, 183.898, 232.999, 240.833, 262.334, 409.061, 354.018, 330.650,
139.000, 92.5298, 50.5862, 21.6049, 26.9840, 185.415, 234.435, 241.531, 262.428, 408.801, 353.602, 330.582,
140.000, 95.3331, 50.9113, 21.9205, 27.6134, 188.511, 240.604, 239.080, 260.280, 404.362, 349.238, 324.848,
141.000, 99.6219, 54.3483, 25.2725, 31.5181, 193.805, 247.654, 237.809, 258.994, 399.297, 344.167, 319.141,
142.000, 104.254, 57.2751, 28.3637, 34.9640, 196.897, 253.043, 234.932, 256.738, 394.138, 340.691, 315.262,
143.000, 104.865, 57.3872, 28.3274, 34.8261, 199.070, 255.682, 234.092, 255.566, 389.650, 336.792, 311.583,
144.000, 103.726, 56.0064, 26.7906, 32.7313, 198.337, 254.437, 233.887, 255.463, 388.628, 335.842, 311.385,
145.000, 101.402, 55.1989, 25.6542, 31.6783, 196.909, 251.459, 234.300, 255.125, 389.655, 336.610, 312.376,
146.000, 101.364, 55.4998, 25.4898, 32.5755, 192.719, 247.976, 234.836, 256.363, 393.595, 341.116, 315.730,
147.000, 99.7718, 56.6066, 27.2363, 34.2689, 191.557, 243.807, 235.951, 257.859, 398.316, 343.740, 319.339,
148.000, 98.3540, 56.3865, 26.6715, 33.9667, 187.467, 238.767, 237.156, 259.562, 403.323, 348.533, 323.899,
149.000, 95.5097, 53.9627, 24.5931, 31.0628, 185.009, 234.874, 239.337, 261.302, 407.425, 352.022, 327.946,
150.000, 94.9869, 53.3705, 22.8569, 28.6968, 182.561, 231.714, 240.817, 262.501, 409.609, 354.399, 330.959,
151.000, 95.2560, 53.8808, 21.6133, 26.9672, 183.359, 231.878, 240.669, 261.552, 408.433, 353.015, 329.680,
152.000, 97.6900, 55.0655, 21.7477, 27.2633, 185.986, 236.156, 238.772, 259.651, 404.000, 348.245, 324.174,
153.000, 102.460, 58.8712, 24.9454, 30.8243, 190.195, 242.179, 236.514, 257.536, 398.904, 343.452, 318.722,
154.000, 106.737, 62.2974, 28.4021, 34.4153, 195.500, 248.630, 234.311, 255.679, 393.089, 338.568, 313.823,
155.000, 108.746, 62.4463, 27.8954, 33.9567, 195.063, 250.355, 233.441, 254.504, 389.615, 337.016, 312.048,
156.000, 106.541, 60.7233, 26.1229, 31.6685, 195.595, 249.661, 233.288, 254.058, 388.999, 336.444, 311.801,
157.000, 104.718, 59.8229, 25.2147, 30.5825, 194.262, 247.003, 234.282, 255.094, 390.544, 336.975, 313.260,
158.000, 103.185, 59.4088, 24.7116, 30.8729, 191.157, 243.487, 234.773, 255.832, 394.501, 341.030, 316.810,
159.000, 102.595, 60.8554, 26.0917, 32.8161, 188.279, 239.055, 234.773, 256.567, 398.480, 343.931, 319.557,
160.000, 101.677, 60.6616, 26.0844, 32.9890, 184.427, 234.646, 236.352, 258.114, 403.163, 348.604, 324.014,
161.000, 98.8647, 58.4760, 24.2243, 30.4695, 182.290, 231.010, 237.577, 259.238, 406.136, 350.829, 326.676,
162.000, 96.9294, 56.9210, 22.7638, 28.4317, 181.554, 229.151, 238.878, 260.087, 407.589, 352.440, 329.146,
163.000, 96.5689, 55.4367, 21.5281, 26.7046, 182.747, 231.039, 239.635, 260.306, 407.144, 351.886, 328.637,
164.000, 99.0311, 55.5860, 21.7604, 27.1456, 185.657, 236.657, 237.487, 258.838, 403.180, 348.261, 323.876,
165.000, 103.396, 58.3957, 24.8931, 30.8511, 190.384, 243.978, 235.648, 256.757, 397.816, 342.913, 317.560,
166.000, 106.394, 60.9291, 28.0490, 34.3376, 195.658, 250.150, 233.567, 254.940, 391.891, 337.664, 312.321,
167.000, 105.967, 60.4835, 27.8195, 33.7119, 198.396, 252.494, 233.572, 254.355, 388.838, 335.194, 310.276,
168.000, 104.891, 58.4710, 26.0959, 31.7619, 197.178, 251.935, 233.480, 254.282, 388.500, 335.349, 310.643,
169.000, 103.758, 57.6525, 25.2594, 31.0846, 195.064, 249.428, 232.223, 253.671, 388.881, 335.736, 311.206,
170.000, 102.981, 58.3707, 25.5223, 32.0340, 192.053, 245.549, 233.486, 255.058, 392.897, 339.433, 314.466,
171.000, 101.778, 59.4602, 26.5087, 33.3445, 189.428, 240.722, 234.226, 256.536, 398.132, 343.381, 318.724,
172.000, 100.235, 58.7135, 26.1611, 33.2689, 185.711, 236.530, 235.826, 257.948, 402.471, 347.822, 323.193,
173.000, 97.2870, 55.5373, 24.1160, 30.6202, 183.399, 233.656, 237.841, 260.065, 406.730, 351.779, 327.249,
174.000, 94.5950, 53.8127, 22.6981, 28.4142, 183.379, 231.720, 240.272, 261.344, 408.263, 352.618, 329.186,
175.000, 94.5308, 52.4044, 21.4899, 26.8400, 184.277, 233.576, 239.545, 260.515, 406.543, 351.284, 327.738,
176.000, 97.2951, 52.9372, 21.8853, 27.4575, 186.702, 238.694, 237.786, 259.437, 403.558, 348.600, 324.001,
177.000, 100.800, 55.9793, 25.3609, 31.3779, 193.073, 246.266, 236.505, 257.826, 398.260, 342.920, 317.859,
178.000, 104.685, 58.9081, 28.6425, 35.1793, 197.339, 252.182, 234.504, 256.059, 393.246, 339.034, 313.845,
179.000, 105.333, 58.7088, 28.2093, 34.5953, 198.675, 254.319, 233.678, 254.806, 388.895, 335.883, 311.125,
180.000, 104.403, 56.9103, 26.7562, 32.5706, 197.915, 253.772, 233.885, 254.933, 388.190, 335.034, 310.620,
181.000, 102.063, 55.8197, 25.4863, 31.4083, 196.454, 250.972, 234.775, 255.475, 390.030, 336.956, 312.448,
182.000, 101.402, 56.2591, 25.5204, 32.1973, 192.982, 247.085, 234.600, 256.014, 393.238, 339.754, 314.920,
183.000, 100.010, 57.1698, 26.8976, 33.8691, 190.897, 242.826, 235.481, 257.220, 397.750, 343.043, 318.593,
184.000, 98.4072, 56.5021, 26.5660, 33.7443, 187.419, 238.569, 236.866, 259.025, 402.810, 347.624, 323.070,
185.000, 95.8741, 54.2962, 24.8076, 31.2274, 184.818, 234.692, 239.040, 260.979, 406.553, 350.975, 327.017,
186.000, 94.1030, 52.5011, 23.2200, 28.9064, 183.477, 232.452, 240.072, 261.837, 408.594, 353.453, 330.172,
187.000, 93.0056, 51.0776, 21.7756, 27.1613, 185.154, 234.086, 240.426, 261.717, 408.102, 352.563, 329.584,
188.000, 95.5643, 51.7703, 22.0163, 27.6184, 187.186, 238.599, 239.222, 260.200, 404.357, 349.307, 325.074,
189.000, 100.196, 54.9082, 25.2374, 31.4652, 192.191, 246.053, 236.669, 258.245, 399.551, 344.742, 319.712,
190.000, 103.778, 57.8404, 28.8409, 35.1711, 197.882, 252.657, 234.561, 256.273, 394.185, 340.024, 315.119,
191.000, 104.742, 57.8199, 28.3172, 34.7116, 198.725, 254.668, 233.820, 255.205, 390.358, 337.637, 312.574,
192.000, 103.982, 56.3706, 26.8257, 32.8707, 197.901, 254.063, 233.610, 255.108, 389.105, 336.626, 311.750,
193.000, 101.430, 55.1031, 25.6780, 31.5273, 197.323, 251.739, 234.370, 255.537, 390.635, 337.329, 313.282,
194.000, 99.9706, 55.5988, 25.5705, 32.2239, 194.287, 247.487, 235.171, 256.253, 394.386, 340.845, 316.560,
195.000, 99.7912, 57.1564, 26.8549, 34.0575, 191.039, 242.983, 235.356, 257.295, 398.444, 343.883, 319.282,
196.000, 98.1528, 56.2116, 26.5496, 33.6406, 187.948, 239.038, 236.755, 259.006, 402.853, 347.235, 322.444,
197.000, 95.2359, 53.4306, 24.4201, 30.8409, 185.238, 235.264, 238.473, 260.823, 407.029, 351.304, 327.244,
198.000, 93.1460, 51.8164, 22.9692, 28.7237, 184.283, 232.933, 240.596, 262.291, 409.477, 354.181, 331.216,
199.000, 93.0623, 50.5507, 21.5604, 27.0265, 184.435, 234.157, 240.865, 261.778, 408.620, 354.117, 330.642,
200.000, 95.4161, 51.1933, 22.0729, 27.6925, 187.451, 239.358, 239.149, 260.134, 404.067, 349.351, 325.225,
201.000, 99.9246, 54.4700, 25.0898, 31.3813, 192.709, 246.902, 237.743, 258.755, 398.995, 344.328, 318.991,
202.000, 103.213, 57.3792, 28.6736, 35.0218, 198.551, 253.206, 235.282, 256.660, 393.874, 339.191, 314.456,
203.000, 104.617, 57.5855, 28.3599, 34.9229, 199.310, 255.492, 234.304, 255.567, 389.763, 336.501, 311.510,
204.000, 103.643, 56.2248, 27.0475, 33.0143, 198.700, 254.552, 234.331, 255.322, 388.696, 335.630, 311.167,
205.000, 101.817, 54.9693, 25.6213, 31.6424, 196.531, 251.785, 234.929, 255.630, 390.219, 337.157, 313.103,
206.000, 100.450, 55.3501, 25.7534, 32.2998, 194.166, 247.993, 234.891, 256.326, 394.021, 340.034, 315.686,
207.000, 99.0400, 56.6825, 26.7153, 33.5973, 191.902, 243.101, 235.601, 257.450, 398.109, 342.567, 318.559,
208.000, 97.8337, 55.9790, 26.3224, 33.3335, 187.824, 238.587, 236.181, 258.936, 403.252, 347.616, 323.134,
209.000, 95.1510, 53.5281, 24.7093, 31.0322, 185.527, 235.222, 238.777, 260.897, 407.052, 350.970, 327.341,
210.000, 93.2034, 52.1617, 23.2679, 29.1434, 184.869, 233.308, 239.730, 261.870, 408.786, 353.019, 329.930,
211.000, 92.5688, 50.7733, 21.8768, 27.3167, 185.847, 234.640, 240.214, 261.703, 408.210, 352.392, 329.383,
212.000, 95.4183, 51.2840, 22.1891, 27.7558, 188.290, 239.898, 239.232, 260.602, 404.515, 349.166, 325.229,
213.000, 99.4479, 54.2280, 25.3499, 31.5054, 193.856, 247.505, 236.803, 258.305, 398.505, 342.921, 318.145,
214.000, 103.540, 57.5390, 28.6945, 35.0545, 198.234, 253.115, 235.153, 256.530, 393.061, 338.175, 313.246,
215.000, 104.333, 57.2083, 28.0997, 34.3824, 198.930, 254.965, 234.034, 255.298, 389.476, 336.391, 311.613,
216.000, 103.502, 56.1812, 26.6063, 32.4736, 198.175, 253.878, 234.559, 255.448, 388.759, 336.039, 311.285,
217.000, 101.218, 54.8547, 25.5726, 31.5735, 197.218, 251.917, 234.584, 255.282, 389.337, 335.772, 311.448,
218.000, 100.002, 54.6538, 25.2632, 32.0094, 194.059, 248.252, 234.102, 256.053, 394.280, 340.698, 316.287,
219.000, 99.4814, 56.1903, 26.5781, 33.6346, 190.796, 243.072, 234.343, 257.122, 399.502, 345.031, 320.716,
220.000, 98.4070, 56.4915, 26.7359, 33.9367, 187.230, 238.202, 235.869, 258.906, 404.040, 349.390, 325.069,
221.000, 94.7358, 53.3529, 24.7939, 31.1484, 185.942, 235.411, 238.896, 261.048, 407.759, 352.298, 328.302,
222.000, 92.8504, 51.4736, 23.1103, 28.9694, 184.918, 233.736, 240.634, 262.359, 410.014, 354.714, 331.210,
223.000, 92.3256, 50.3679, 21.5999, 27.1413, 185.399, 234.447, 240.236, 261.610, 409.133, 353.967, 330.708,
224.000, 93.8954, 50.9691, 21.8552, 27.4844, 188.251, 238.611, 239.178, 260.361, 406.028, 350.573, 326.788,
225.000, 98.5227, 54.2250, 25.1906, 31.3374, 192.776, 245.467, 236.716, 258.147, 400.216, 345.235, 320.691,
226.000, 102.462, 57.4230, 28.2991, 34.8745, 197.020, 251.173, 235.253, 256.553, 395.232, 341.631, 316.748,
227.000, 104.051, 57.3142, 28.1954, 34.6327, 198.449, 254.142, 234.479, 256.236, 392.546, 340.374, 315.497,
228.000, 103.490, 55.9191, 26.5596, 32.3735, 197.076, 252.988, 235.244, 256.156, 390.556, 338.669, 314.451,
229.000, 101.245, 54.9642, 25.7652, 31.5668, 196.405, 250.875, 236.178, 256.581, 391.922, 339.329, 315.562,
230.000, 100.348, 54.8577, 25.4247, 32.2687, 192.314, 246.983, 235.830, 256.809, 395.289, 343.182, 318.557,
231.000, 98.6984, 55.9121, 26.3467, 33.3798, 190.493, 242.354, 236.857, 258.361, 400.165, 346.139, 321.983,
232.000, 96.1639, 55.3624, 26.1967, 33.0196, 187.903, 237.461, 238.661, 260.076, 405.459, 350.912, 327.028,
233.000, 94.4100, 53.2045, 24.5742, 30.8022, 185.081, 234.282, 239.734, 261.612, 409.448, 354.344, 330.824,
234.000, 91.7297, 51.7862, 23.0626, 28.7437, 184.707, 231.961, 241.594, 262.555, 411.139, 356.247, 333.367,
235.000, 91.3628, 50.5560, 21.4818, 26.8388, 185.037, 232.844, 241.560, 262.303, 410.123, 355.067, 332.291,
236.000, 95.0207, 51.1360, 21.7699, 27.4160, 186.820, 238.405, 239.752, 260.667, 405.459, 351.323, 326.936,
237.000, 99.7073, 54.3894, 25.3883, 31.5151, 192.934, 246.759, 237.643, 258.665, 399.816, 345.295, 320.393,
238.000, 104.136, 57.3950, 28.6279, 35.2001, 197.273, 253.122, 234.819, 256.478, 393.955, 340.194, 315.055,
239.000, 104.125, 57.2542, 28.1013, 34.4768, 198.885, 254.683, 233.975, 255.448, 390.627, 337.981, 313.228,
240.000, 103.383, 55.6679, 26.5677, 32.3754, 198.090, 254.176, 235.229, 255.813, 389.320, 336.491, 312.232,
241.000, 101.576, 55.1095, 25.4359, 31.4460, 196.335, 251.150, 234.737, 255.340, 389.969, 337.642, 313.508,
242.000, 100.008, 55.3830, 25.5338, 32.0080, 194.103, 247.385, 234.639, 255.826, 393.564, 339.796, 315.602,
243.000, 99.3177, 56.7437, 27.2111, 34.2082, 191.945, 243.488, 235.310, 257.426, 399.021, 343.879, 319.725,
244.000, 98.7268, 56.5055, 27.0009, 34.3352, 187.656, 239.205, 236.494, 259.003, 402.881, 347.551, 323.000,
245.000, 95.4553, 53.4214, 24.4642, 31.1393, 185.144, 235.651, 238.883, 261.083, 407.053, 351.441, 327.351,
246.000, 93.1364, 51.8055, 23.1901, 28.9923, 184.720, 233.381, 239.892, 261.832, 409.309, 353.876, 330.701,
247.000, 92.6499, 50.3699, 21.5877, 27.0870, 185.214, 234.600, 240.294, 261.706, 408.514, 353.441, 330.178,
248.000, 95.5033, 50.9557, 21.9009, 27.5046, 187.547, 239.674, 238.914, 260.308, 404.395, 349.629, 325.450,
249.000, 99.1268, 54.1601, 25.2026, 31.3580, 193.820, 247.215, 237.150, 258.166, 398.751, 343.657, 319.149,
250.000, 103.943, 57.5755, 28.7001, 35.2118, 197.817, 253.201, 234.451, 255.978, 392.495, 338.094, 313.426,
251.000, 104.775, 57.4259, 28.2631, 34.6794, 198.940, 255.258, 234.340, 255.838, 389.610, 336.194, 311.505,
252.000, 102.571, 55.5371, 26.6137, 32.3609, 199.001, 254.247, 234.737, 255.257, 388.978, 336.075, 312.097,
253.000, 100.558, 54.7166, 25.5367, 31.6348, 197.465, 251.706, 234.448, 254.922, 389.515, 336.348, 312.216,
254.000, 100.052, 55.0810, 25.4652, 32.2898, 193.846, 247.853, 234.184, 255.402, 392.973, 339.587, 315.164,
255.000, 98.7821, 55.8284, 26.3959, 33.4436, 191.246, 243.283, 235.663, 257.410, 398.862, 344.309, 320.030,
256.000, 97.9041, 55.5330, 26.4227, 33.4150, 187.733, 239.062, 236.389, 258.961, 403.338, 347.472, 323.267,
257.000, 95.0115, 53.3904, 24.6218, 31.0452, 185.333, 235.239, 239.141, 261.009, 407.294, 351.626, 327.788,
258.000, 92.5737, 51.7135, 23.2644, 29.0415, 185.412, 233.614, 240.440, 261.888, 409.430, 353.829, 330.815,
259.000, 92.6230, 50.2714, 21.7937, 27.3132, 186.389, 235.831, 240.352, 261.763, 408.659, 353.363, 330.099,
260.000, 95.5480, 50.8368, 21.9957, 27.6869, 188.041, 240.407, 239.246, 260.379, 404.779, 350.116, 326.084,
261.000, 99.4210, 54.2857, 25.0441, 31.2807, 193.554, 247.200, 237.398, 258.664, 399.253, 344.151, 319.571,
262.000, 103.620, 57.4837, 28.6170, 35.1586, 198.035, 253.264, 235.849, 257.089, 394.201, 339.844, 314.905,
263.000, 104.115, 57.2170, 28.5232, 34.7177, 199.945, 255.613, 234.463, 255.552, 390.045, 336.545, 311.978,
264.000, 102.918, 55.7450, 26.9870, 32.7941, 199.070, 254.558, 234.853, 255.613, 389.588, 336.556, 312.494,
265.000, 100.889, 54.7661, 25.8800, 31.8665, 197.710, 252.136, 234.400, 254.997, 390.301, 337.315, 313.545,
266.000, 99.7041, 55.3077, 25.9468, 32.6449, 195.166, 248.412, 235.147, 256.148, 394.075, 340.236, 316.173,
267.000, 98.6974, 56.8405, 27.5732, 34.5595, 193.100, 243.899, 236.280, 257.575, 398.750, 343.616, 319.764,
268.000, 98.5832, 56.8780, 27.3838, 34.6084, 188.333, 239.244, 236.681, 258.956, 403.388, 348.086, 323.894,
269.000, 95.4976, 53.4799, 24.7177, 31.1818, 185.455, 235.705, 238.840, 261.151, 407.751, 352.163, 328.268,
270.000, 92.6474, 51.7496, 23.0993, 28.8152, 184.697, 232.880, 240.298, 261.979, 409.884, 354.550, 331.597,
271.000, 91.9888, 50.5417, 21.6721, 27.0477, 185.206, 233.688, 241.162, 262.096, 409.849, 354.639, 331.809,
272.000, 95.2583, 50.7098, 21.9492, 27.5867, 187.878, 240.014, 239.462, 260.865, 405.684, 350.877, 326.710,
273.000, 99.4855, 53.9051, 24.9492, 31.0400, 193.037, 247.054, 238.185, 259.270, 400.553, 345.862, 321.037,
274.000, 103.686, 57.1151, 28.0877, 34.5272, 196.811, 252.290, 235.298, 257.057, 395.454, 341.825, 317.127,
275.000, 104.092, 57.0619, 27.8700, 34.1886, 198.533, 254.461, 234.833, 256.178, 391.979, 339.560, 314.743,
276.000, 103.247, 55.8924, 26.5340, 32.4118, 198.130, 253.802, 234.396, 255.498, 390.070, 337.827, 313.453,
277.000, 101.963, 55.0920, 25.5565, 31.5041, 196.073, 251.243, 234.982, 255.751, 390.654, 338.393, 314.360,
278.000, 99.9730, 54.9058, 25.5544, 32.1989, 194.192, 248.097, 235.764, 256.978, 395.628, 342.448, 318.113,
279.000, 98.6164, 56.0597, 26.9637, 33.8536, 192.296, 243.692, 235.712, 257.624, 399.377, 344.842, 321.063,
280.000, 97.3762, 56.0070, 26.9639, 33.9686, 188.786, 239.084, 237.438, 259.567, 404.660, 349.610, 325.318,
281.000, 95.1330, 53.4338, 24.7960, 31.2322, 185.352, 235.252, 239.581, 261.659, 408.472, 352.676, 329.085,
282.000, 92.7613, 51.8359, 23.1131, 28.8283, 184.213, 232.474, 240.953, 262.146, 409.779, 354.595, 331.761,
283.000, 92.6106, 50.5785, 21.4236, 26.7415, 184.167, 233.193, 240.972, 262.063, 409.301, 354.683, 331.560,
284.000, 95.5740, 50.9614, 21.6264, 27.2636, 186.735, 238.911, 238.634, 260.119, 404.904, 350.777, 326.451,
285.000, 99.4524, 53.9916, 24.9157, 31.1307, 192.794, 246.732, 237.464, 258.867, 400.548, 345.983, 321.131,
286.000, 103.251, 57.6509, 28.8286, 35.0439, 198.126, 252.420, 235.718, 256.998, 394.849, 340.730, 316.327,
287.000, 104.978, 57.7831, 28.6907, 35.0076, 198.704, 254.778, 234.446, 255.819, 391.269, 338.794, 313.882,
288.000, 104.222, 56.6066, 27.0087, 32.9606, 197.219, 253.335, 234.715, 255.466, 389.421, 337.720, 313.422,
289.000, 101.761, 54.8701, 25.6226, 31.5400, 196.105, 251.246, 235.378, 256.221, 392.049, 339.629, 315.576,
290.000, 100.196, 54.8760, 25.4747, 31.9194, 193.683, 247.566, 235.141, 256.709, 395.673, 342.347, 318.322,
291.000, 98.4771, 56.0536, 26.6227, 33.3635, 191.418, 242.570, 235.833, 257.512, 399.656, 345.433, 321.522,
292.000, 97.5121, 56.0444, 26.2884, 33.2252, 186.453, 236.878, 237.070, 259.262, 403.962, 349.404, 325.191,
293.000, 94.2059, 53.5220, 24.6145, 30.7899, 184.854, 233.615, 240.320, 261.584, 408.208, 353.073, 329.635,
294.000, 91.6710, 51.8321, 23.1299, 28.7061, 185.230, 232.176, 240.529, 261.900, 410.317, 354.970, 332.547,
295.000, 91.9220, 50.3903, 21.5568, 26.9174, 185.422, 233.862, 241.139, 262.316, 410.478, 355.404, 332.942,
296.000, 95.1740, 50.8720, 21.8002, 27.3858, 187.502, 239.312, 239.527, 260.828, 406.379, 352.122, 328.219,
297.000, 99.3503, 53.9651, 24.9599, 31.1888, 192.471, 246.421, 237.656, 258.857, 401.332, 347.349, 322.534,
298.000, 103.345, 57.2185, 28.5168, 34.9419, 197.571, 252.613, 235.477, 256.894, 395.155, 341.466, 316.759,
299.000, 104.228, 57.4992, 28.4410, 34.8427, 199.095, 254.736, 234.018, 255.536, 391.497, 338.897, 313.916,
300.000, 103.844, 55.9895, 26.6862, 32.7569, 197.674, 254.044, 234.382, 255.789, 390.654, 338.712, 313.968,
301.000, 100.615, 54.5948, 25.3737, 31.2476, 197.279, 251.363, 235.163, 256.231, 392.666, 339.690, 315.701,
302.000, 99.8521, 54.8391, 24.9714, 31.5973, 192.987, 246.780, 234.756, 256.196, 395.473, 342.317, 317.943,
303.000, 99.4811, 56.2731, 26.6093, 33.5322, 190.772, 242.944, 235.575, 257.608, 399.534, 345.044, 320.622,
304.000, 96.9694, 55.3958, 26.3772, 33.2464, 188.458, 238.769, 236.639, 259.137, 404.080, 348.848, 324.956,
305.000, 95.2260, 53.7075, 24.4677, 30.8747, 184.486, 234.161, 238.434, 260.557, 407.677, 352.674, 328.853,
306.000, 92.7603, 52.0084, 23.0978, 28.8000, 184.055, 232.083, 240.517, 261.955, 409.886, 354.779, 331.867,
307.000, 92.0661, 50.4039, 21.4411, 26.8789, 185.025, 233.648, 240.304, 261.683, 409.822, 355.348, 332.355,
308.000, 94.7440, 50.9610, 21.7792, 27.4167, 187.697, 238.989, 239.640, 261.026, 406.371, 351.638, 327.591,
309.000, 98.7128, 54.1902, 24.8868, 31.1855, 192.764, 245.872, 237.968, 259.013, 401.113, 346.518, 321.867,
310.000, 103.728, 57.5897, 28.5737, 35.1615, 196.978, 252.207, 235.636, 257.068, 395.298, 341.917, 316.902,
311.000, 104.808, 57.4356, 28.1988, 34.7670, 198.231, 254.834, 234.921, 256.280, 391.834, 339.332, 314.113,
312.000, 103.337, 55.7021, 26.4573, 32.4534, 197.358, 253.489, 234.993, 255.901, 390.935, 338.882, 314.420,
313.000, 100.864, 54.6025, 25.4433, 31.3932, 196.966, 251.448, 235.982, 256.544, 392.394, 339.297, 315.073,
314.000, 100.240, 55.5590, 25.3089, 32.0068, 193.259, 246.775, 235.413, 256.722, 395.635, 342.666, 318.153,
315.000, 99.1120, 56.4248, 26.4230, 33.6192, 190.681, 242.629, 235.354, 257.283, 399.812, 345.923, 321.324,
316.000, 97.7381, 56.0721, 26.4573, 33.5104, 187.542, 238.200, 236.658, 259.031, 404.561, 349.934, 325.387,
317.000, 95.7688, 53.6681, 24.4908, 30.8681, 183.787, 234.063, 238.753, 261.120, 408.459, 353.821, 329.801,
318.000, 92.9084, 51.6530, 22.8169, 28.5870, 183.575, 232.223, 241.088, 262.454, 410.791, 356.260, 332.911,
319.000, 91.6906, 50.1574, 21.3316, 26.7013, 184.967, 233.452, 241.435, 262.368, 410.475, 356.248, 332.992,
320.000, 95.0741, 50.8828, 21.6740, 27.3874, 186.765, 238.659, 239.532, 260.918, 406.552, 352.084, 327.683,
321.000, 98.4872, 54.0651, 24.9869, 31.1736, 193.463, 246.361, 237.926, 258.979, 401.254, 346.543, 321.625,
322.000, 103.041, 57.5557, 28.4781, 35.0154, 197.714, 252.268, 236.068, 257.049, 395.169, 341.215, 316.465,
323.000, 104.270, 57.0863, 27.7176, 34.1275, 198.271, 254.472, 234.664, 255.919, 391.280, 338.618, 313.746,
324.000, 103.361, 55.7326, 26.2093, 32.0861, 197.580, 253.622, 234.998, 255.561, 390.050, 337.925, 313.568,
325.000, 102.316, 55.5901, 25.6832, 31.7143, 195.947, 251.060, 234.127, 254.850, 390.124, 337.901, 313.524,
326.000, 100.018, 55.4346, 25.4225, 32.1420, 194.046, 247.488, 234.926, 256.200, 394.709, 340.954, 316.653,
327.000, 98.9875, 56.8551, 26.9009, 33.7490, 191.536, 242.525, 235.913, 257.501, 399.509, 344.586, 320.528,
328.000, 97.9280, 56.1686, 26.3647, 33.3859, 187.150, 237.890, 236.433, 258.959, 404.272, 349.253, 324.783,
329.000, 94.7939, 53.6708, 24.3505, 30.6847, 184.830, 234.031, 238.664, 260.748, 408.084, 353.013, 329.168,
330.000, 92.0200, 51.7022, 22.9580, 28.6178, 184.957, 232.437, 240.740, 262.134, 410.569, 355.538, 332.595,
331.000, 91.8494, 50.4489, 21.6221, 26.9468, 185.497, 233.820, 241.192, 261.995, 409.974, 355.043, 332.294,
332.000, 94.7613, 51.4222, 22.3360, 27.8152, 188.509, 239.197, 240.105, 260.852, 405.748, 350.682, 327.110,
333.000, 99.4038, 55.0771, 25.6037, 31.8690, 193.200, 246.108, 237.978, 258.619, 400.400, 345.865, 321.291,
334.000, 103.863, 58.4130, 29.0664, 35.7416, 197.489, 252.095, 235.696, 256.811, 394.891, 341.006, 316.389,
335.000, 105.333, 57.9815, 28.3117, 34.8241, 197.397, 253.932, 234.540, 255.565, 390.901, 339.027, 314.281,
336.000, 102.959, 55.8512, 26.5726, 32.3861, 197.832, 253.215, 234.919, 255.666, 390.848, 338.426, 314.173,
337.000, 100.496, 54.7269, 25.6932, 31.5353, 197.535, 251.393, 235.355, 255.917, 392.362, 339.254, 315.418,
338.000, 100.170, 55.4180, 25.5995, 32.2663, 193.487, 247.087, 234.624, 255.901, 394.631, 341.663, 317.354,
339.000, 99.5981, 56.6901, 26.7889, 33.8869, 190.388, 242.461, 235.447, 257.324, 398.999, 345.225, 320.931,
340.000, 97.9057, 55.4094, 26.2292, 33.2697, 187.069, 238.631, 236.799, 259.207, 404.193, 349.701, 325.118,
341.000, 94.9210, 52.8858, 24.1880, 30.5503, 184.625, 234.781, 238.842, 260.733, 407.681, 352.969, 329.264,
342.000, 92.1753, 51.0407, 22.6643, 28.2359, 184.736, 233.011, 241.239, 262.448, 410.107, 355.035, 332.234,
343.000, 91.5888, 49.9166, 21.2616, 26.5505, 185.272, 233.896, 241.002, 261.495, 408.913, 354.052, 331.269,
344.000, 95.0738, 51.1361, 21.8725, 27.4274, 186.344, 237.915, 239.131, 260.113, 405.012, 350.494, 326.333,
345.000, 99.1506, 54.8153, 25.5842, 31.6938, 192.893, 245.710, 237.414, 258.282, 399.599, 344.930, 320.218,
346.000, 103.992, 58.0930, 29.0870, 35.7120, 197.637, 252.767, 235.225, 256.135, 393.530, 339.652, 314.364,
347.000, 104.563, 58.3005, 29.2189, 35.9078, 199.903, 255.368, 233.675, 254.889, 389.755, 336.474, 311.641,
348.000, 103.533, 56.2944, 27.1515, 33.0669, 198.594, 254.164, 233.903, 254.899, 389.006, 336.285, 312.104,
349.000, 101.305, 55.3875, 25.7829, 31.7467, 197.230, 251.309, 233.841, 254.793, 390.059, 336.844, 313.212,
350.000, 100.178, 55.6440, 25.5080, 32.3580, 193.883, 247.414, 234.265, 255.582, 393.801, 340.155, 315.662,
351.000, 99.7079, 56.7458, 26.7044, 34.0876, 190.176, 242.536, 234.460, 256.636, 398.124, 343.792, 319.244,
352.000, 97.7476, 56.1683, 26.7072, 33.7884, 187.715, 238.259, 236.322, 258.689, 403.341, 347.826, 323.678,
353.000, 95.1354, 53.4358, 24.3950, 30.9005, 184.299, 234.218, 237.855, 260.467, 407.962, 352.845, 328.945,
354.000, 92.9323, 51.9485, 23.0332, 28.6940, 183.952, 232.115, 239.813, 261.571, 409.992, 355.217, 332.222,
355.000, 91.9248, 50.2685, 21.5049, 26.8537, 185.847, 234.373, 240.576, 261.710, 409.346, 354.428, 331.684,
356.000, 94.8790, 50.9029, 21.9367, 27.4540, 188.052, 239.459, 239.238, 260.357, 405.933, 351.310, 327.576,
357.000, 98.8036, 54.4690, 25.3481, 31.3987, 193.905, 246.492, 237.442, 258.396, 401.027, 346.080, 321.733,
358.000, 104.604, 58.2360, 29.0312, 35.8407, 197.108, 252.859, 234.897, 256.046, 393.366, 339.674, 314.473,
359.000, 105.488, 58.2665, 28.7449, 35.4847, 198.377, 254.865, 233.576, 255.028, 389.587, 336.770, 312.251,
360.000, 103.688, 56.5730, 26.9998, 33.0079, 198.405, 253.983, 234.327, 254.856, 388.609, 336.207, 311.984,
361.000, 101.429, 54.7614, 25.5581, 31.4292, 196.689, 251.544, 234.274, 255.082, 390.695, 337.790, 313.818,
362.000, 100.547, 55.6610, 25.4898, 32.2588, 193.207, 247.074, 234.398, 255.522, 393.874, 340.829, 316.209,
363.000, 99.7819, 56.5644, 26.1886, 33.3472, 189.552, 241.973, 234.742, 256.768, 399.283, 345.388, 320.708,
364.000, 97.6048, 55.8950, 26.1160, 33.2025, 187.098, 237.858, 236.369, 258.680, 404.219, 349.500, 325.340,
365.000, 94.3944, 53.5960, 24.8060, 31.1426, 185.665, 234.466, 238.268, 260.404, 408.484, 353.268, 330.083,
366.000, 92.3132, 52.0495, 23.2384, 28.9432, 184.792, 232.332, 240.383, 261.577, 410.422, 355.122, 332.568,
367.000, 92.3825, 50.5387, 21.6593, 27.0486, 185.354, 234.218, 240.600, 261.450, 409.308, 354.255, 331.538,
368.000, 94.8829, 51.3086, 22.3922, 27.8120, 188.390, 239.308, 239.738, 260.336, 405.449, 350.807, 327.316,
369.000, 99.3772, 55.0661, 26.1201, 32.1249, 193.946, 246.505, 237.007, 258.006, 400.314, 345.669, 321.475,
370.000, 103.951, 58.6540, 29.4882, 36.0603, 197.612, 251.948, 235.585, 256.647, 395.424, 342.340, 317.648,
371.000, 104.998, 58.3456, 28.9101, 35.5267, 198.350, 254.226, 234.772, 255.740, 391.827, 339.973, 315.059,
372.000, 104.494, 56.4056, 26.8837, 32.9743, 196.779, 253.456, 234.063, 255.224, 390.251, 338.955, 314.470,
373.000, 101.962, 54.9349, 25.7666, 31.7395, 196.067, 251.350, 233.910, 255.082, 391.376, 339.400, 315.430,
374.000, 100.130, 55.2010, 25.6447, 32.3481, 193.651, 247.385, 234.305, 255.967, 394.990, 341.919, 317.837,
375.000, 99.2842, 56.4531, 26.7785, 33.6945, 190.612, 242.327, 235.236, 257.403, 400.072, 345.966, 322.109,
376.000, 98.1049, 55.7770, 26.3910, 33.4895, 186.782, 238.209, 236.647, 259.069, 404.617, 350.453, 326.294,
377.000, 94.7013, 53.1531, 24.3754, 30.7720, 184.616, 234.343, 239.618, 261.269, 408.694, 353.812, 330.494,
378.000, 92.4477, 51.5280, 22.9284, 28.5927, 183.942, 232.092, 240.760, 261.728, 409.879, 355.428, 332.888,
379.000, 91.6541, 50.2118, 21.4077, 26.7245, 184.295, 232.724, 240.728, 261.373, 409.691, 355.314, 332.804,
380.000, 95.1371, 51.1697, 21.9029, 27.4236, 185.989, 237.591, 239.279, 260.102, 405.264, 351.241, 327.163,
381.000, 99.4012, 54.8916, 25.7821, 31.8027, 192.829, 245.655, 237.269, 258.269, 400.194, 345.565, 321.228,
382.000, 104.596, 58.6675, 29.4199, 36.1312, 197.331, 252.446, 234.731, 256.151, 393.768, 340.216, 315.262,
383.000, 105.262, 58.3370, 28.8555, 35.6308, 198.770, 255.000, 234.072, 255.345, 389.946, 337.190, 312.386,
384.000, 102.866, 56.4175, 26.8160, 32.7345, 198.917, 253.700, 234.345, 254.719, 388.486, 335.768, 311.784,
385.000, 101.290, 55.1519, 25.4620, 31.4347, 196.803, 251.080, 233.613, 254.811, 390.369, 337.451, 313.711,
386.000, 100.560, 55.6513, 25.3359, 32.0422, 192.839, 246.614, 233.933, 255.357, 394.046, 341.365, 317.032,
387.000, 99.0590, 56.4145, 26.8016, 33.8368, 191.439, 243.089, 235.015, 257.024, 399.075, 344.751, 320.674,
388.000, 97.9186, 55.8805, 26.6152, 33.6426, 187.544, 238.520, 236.088, 258.505, 403.390, 348.525, 324.304,
389.000, 95.7799, 53.3343, 24.4676, 30.8756, 184.047, 234.693, 238.321, 260.578, 407.689, 352.716, 328.925,
390.000, 92.1189, 51.4723, 23.0022, 28.6242, 184.964, 232.793, 240.303, 261.595, 409.693, 354.495, 331.972,
391.000, 91.7238, 50.1857, 21.6022, 26.8711, 185.835, 234.251, 240.482, 261.314, 408.874, 354.008, 331.699,
392.000, 94.5092, 51.0868, 22.2292, 27.6548, 188.649, 239.392, 239.437, 260.257, 405.243, 350.064, 326.641,
393.000, 99.7424, 55.0176, 25.7420, 31.9734, 193.331, 246.543, 236.945, 258.216, 399.578, 344.621, 319.996,
394.000, 103.946, 58.7542, 29.4093, 36.1618, 198.157, 252.485, 234.703, 256.073, 393.686, 339.799, 315.162,
395.000, 105.884, 59.0805, 29.4748, 36.2817, 198.630, 254.812, 234.438, 255.486, 389.992, 337.389, 312.675,
396.000, 103.799, 57.0390, 27.3779, 33.4575, 198.416, 253.718, 234.308, 254.739, 388.759, 336.226, 312.132,
397.000, 101.056, 55.3477, 26.0633, 32.1156, 197.702, 251.732, 234.316, 254.726, 390.350, 337.019, 313.144,
398.000, 100.344, 55.7019, 25.8345, 32.6227, 193.875, 247.427, 233.779, 255.390, 393.903, 340.126, 315.761,
399.000, 98.2947, 56.4779, 26.9207, 33.8860, 192.054, 242.739, 235.099, 257.011, 399.197, 344.041, 320.135,
400.000, 97.9932, 56.3817, 26.8265, 33.6483, 187.270, 237.642, 236.719, 258.762, 404.121, 348.862, 325.073,
401.000, 94.5538, 53.2861, 24.3648, 30.6159, 184.408, 233.693, 239.539, 261.348, 408.939, 353.555, 329.906,
402.000, 92.1996, 51.3549, 22.7885, 28.2222, 183.543, 231.517, 241.556, 262.511, 410.848, 355.676, 333.018,
403.000, 90.6640, 49.9954, 21.3081, 26.4415, 186.312, 233.673, 241.219, 261.909, 410.129, 354.489, 332.109,
404.000, 94.2203, 50.8862, 21.9378, 27.4685, 188.389, 239.106, 239.937, 260.788, 406.132, 351.136, 327.448,
405.000, 98.6691, 54.5700, 25.5663, 31.7880, 193.811, 246.392, 237.841, 258.624, 401.297, 346.497, 321.879,
406.000, 103.215, 58.0053, 29.0513, 35.8013, 198.167, 252.599, 235.395, 256.419, 395.231, 341.477, 316.780,
407.000, 104.092, 57.9801, 28.8758, 35.4540, 199.926, 255.119, 234.334, 255.532, 391.532, 338.354, 313.687,
408.000, 104.071, 56.3673, 26.9473, 33.1414, 197.770, 254.089, 234.422, 255.393, 389.870, 337.636, 313.300,
409.000, 101.470, 54.9078, 25.4627, 31.5983, 195.982, 250.966, 234.853, 255.664, 392.237, 340.255, 315.945,
410.000, 99.9460, 55.5860, 25.6453, 32.4802, 193.996, 247.369, 234.758, 255.910, 394.579, 341.275, 316.704,
411.000, 98.9018, 56.3928, 26.9800, 34.0226, 191.339, 242.839, 234.840, 257.079, 400.051, 345.566, 321.599,
412.000, 97.4255, 55.7293, 26.5338, 33.7255, 187.707, 238.587, 237.272, 259.222, 404.746, 350.048, 325.613,
413.000, 94.5524, 53.3917, 24.6134, 30.9757, 185.103, 234.350, 239.312, 260.848, 407.812, 352.555, 329.166,
414.000, 91.8257, 51.3289, 22.8942, 28.4831, 184.510, 232.151, 240.851, 262.200, 411.289, 355.932, 333.378,
415.000, 91.6582, 50.1508, 21.4912, 26.8255, 185.340, 233.742, 240.985, 261.933, 410.850, 356.265, 333.516,
416.000, 94.4103, 51.0344, 22.1249, 27.7627, 188.412, 239.384, 240.421, 260.803, 406.688, 352.143, 328.353,
417.000, 99.4471, 54.8319, 25.5985, 32.0501, 193.203, 246.606, 237.466, 258.297, 400.683, 346.153, 321.440,
418.000, 103.983, 58.4818, 29.3966, 36.1745, 197.707, 252.402, 234.849, 256.433, 395.326, 341.582, 316.839,
419.000, 105.231, 58.6017, 29.2976, 36.1233, 198.818, 254.855, 234.853, 255.916, 391.446, 338.788, 314.098,
420.000, 103.370, 56.5870, 27.3810, 33.4887, 198.508, 253.836, 234.592, 255.186, 390.135, 337.687, 313.762,
421.000, 101.448, 55.6132, 25.9589, 31.9606, 196.564, 250.678, 234.851, 255.227, 391.458, 339.018, 314.762,
422.000, 100.340, 55.8911, 25.8882, 32.7862, 193.414, 247.030, 234.905, 255.763, 395.020, 341.917, 317.229,
423.000, 99.3790, 56.9115, 26.8480, 34.0337, 190.263, 241.975, 235.045, 256.841, 400.006, 346.030, 321.832,
424.000, 97.5285, 55.7325, 26.5453, 33.6169, 187.658, 238.453, 237.255, 259.229, 404.836, 349.889, 325.899,
425.000, 94.4151, 53.1245, 24.5633, 30.8585, 185.245, 234.534, 238.966, 260.965, 409.211, 354.045, 330.613,
426.000, 92.1678, 51.5671, 22.8323, 28.4532, 183.732, 231.552, 240.970, 262.147, 411.320, 356.723, 333.903,
427.000, 91.2207, 50.3511, 21.4859, 26.7899, 185.400, 233.090, 241.280, 262.101, 411.142, 356.442, 334.299,
428.000, 94.2673, 51.0328, 22.0719, 27.6720, 188.222, 238.889, 240.265, 260.990, 407.516, 353.172, 329.714,
429.000, 98.7491, 54.4562, 25.4436, 31.7971, 193.424, 246.329, 238.323, 258.969, 402.243, 348.065, 323.598,
430.000, 102.194, 58.0336, 29.2366, 35.7928, 199.289, 252.331, 235.707, 256.598, 395.794, 341.859, 317.656,
431.000, 104.540, 58.6007, 29.1921, 35.8287, 199.399, 254.448, 234.111, 255.187, 391.352, 338.770, 314.688,
